UniqueKey,Ranking,Resight ID,Name,Total,Badge,Rank,Reputation score,Reputation rank badge,R Peers,R Directories,R News media,R Social media,Instructions score,Instructions rank badge,I Volume,I Value,I Clients,I Complexity
,Arbitration,IND00197,Sanjeev K Kapoor,8.3,Ranked 1st,1,8.2,Ranked 2nd,8.5,9.2,6.1,8.2,8.9,Ranked 3rd,9.4,7.2,8.9,9.6
,Arbitration,IND00602,Vijayendra Pratap Singh,8.2,Ranked 2nd,2,8.2,Ranked 3rd,10,8.5,0,9.6,8.6,Top 10,9,8.2,6.5,9.4
,Arbitration,IND00589,Rajendra Barot,8.2,Ranked 3rd,3,8.3,Ranked 1st,8.5,9.4,7.2,6.9,9.3,Ranked 1st,8.2,9.7,8.8,9.6
,Arbitration,IND00386,Shaneen Parikh,8,Top 5,4,8.2,Top 5,7.6,10,7.4,9,8.7,Top 5,7.6,7.4,9.2,9.7
,Arbitration,IND00761,Nitesh Jain,8,Top 5,5,7,Top 10,7.2,5.3,7.4,8.8,9.2,Ranked 2nd,7.5,9.4,9.2,9.8
,Arbitration,IND02504,Vyapak Desai,7.8,Top 10,6,8.1,Top 5,7.9,9.4,5.9,9.9,7.6,,8.2,8.6,0,9.4
,Arbitration,IND00456,Ila Kapoor,7.6,Top 10,7,7.4,Top 10,6.4,9.2,7.8,8.4,8.3,Top 10,8.7,5.9,9.4,9.2
,Arbitration,IND00439,Binsy Susan,7.3,Top 10,8,7.1,Top 10,6.8,6.6,7.7,8.2,7.8,,5.7,8.9,6.1,8.6
,Arbitration,IND00112,Kingshuk Banerjee,6.8,Top 10,9,6.1,Top 10,5.2,7.8,5.1,9,7.8,,8.4,6.4,5.9,9
,Arbitration,IND00020,Ajay Bhargava,6.8,Top 10,10,5.1,,3.1,7.5,6.4,9.8,8.3,Top 10,9.5,7.6,7.4,8.7
,Arbitration,IND00788,Shankh Sengupta,6.4,,11,5.6,,5.2,5.3,6.4,7.3,6.8,,4.1,6.4,6.9,7.9
,Arbitration,IND01508,Naresh Thacker,6.4,,12,6,Top 10,4.3,7.5,8,9.1,7,,6.9,8.3,4.7,7
,Arbitration,IND00337,Kapil Arora,6.2,,13,3.6,,0,8.7,5.8,9.7,8.2,,6.1,7,9.7,9
,Arbitration,IND07512,Manoj K Singh,6,,14,3.2,,0,6.6,7.2,8.5,8.1,,9.9,7.1,9.9,7.6
,Arbitration,IND02631,Gunita Pahwa,5.9,,15,3.4,,0,6.6,8.1,8.7,8.4,Top 10,9.5,8.5,9.8,7.6
,Arbitration,IND00712,Ashish Bhan,5.9,,16,3,,1,7.8,0,9.2,7.8,,5.5,8.1,6.8,8.7
,Arbitration,IND00801,Tine Abraham,5.9,,17,3.6,,1,7.8,4.3,7.9,7.5,,7.6,5,8.8,8.3
,Arbitration,IND01936,Dheeraj Nair,5.9,,18,3.9,,4.3,0,5.1,7.2,7.6,,8.9,6.6,7.3,7.9
,Arbitration,IND02739,Manmeet Singh,5.8,,19,2.7,,1,6,0,9.7,8.1,,5.5,9,8.7,8.2
,Arbitration,IND00327,Indranil Deshmukh,5.8,,20,3,,1,8.2,0,8.4,8.4,Top 10,8.9,8.9,8.2,8.1
,Arbitration,IND02569,Suvigya Awasthy,5.8,,21,3.6,,0,7.5,7.8,8.9,7.1,,7.1,5.5,5.5,8.5
,Arbitration,IND00929,Sameer Tapia,5.7,,22,3.1,,0,5.3,7.4,9.4,8.7,Top 5,0,0,8.7,0
,Arbitration,IND00540,Smarika Singh,5.7,,23,3.4,,3.1,4.4,0,8.4,7.3,,5.7,6,5.8,9
,Arbitration,IND00663,Priyanka Shetty,5.6,,24,2.6,,0,3.2,6.9,9,7.6,,7.6,9.7,0,9
,Arbitration,IND00345,Lomesh Nidumuri,5.6,,25,2.6,,1,5.3,0,9.5,7.8,,4.9,7.4,9.5,8.5
,Arbitration,IND01048,Sneha Jaisingh,5.5,,26,2.3,,0,3.2,5.1,8.6,7.8,,9.8,4.1,9.5,8.5
,Arbitration,IND00739,Ketan Gaur,5.2,,27,2.6,,1,3.2,6.6,4.4,7.5,,7.6,7.9,0,9.8
,Arbitration,IND07515,Ashim Sood,5.2,,28,2.8,,1,6.6,0,9.2,7.7,,7.1,9.1,7.1,7.3
,Arbitration,IND07574,Sooraj Sharma,5.2,,29,1.7,,0,4.4,0,8.6,7.8,,6.1,8.6,5.5,8.7
,Arbitration,IND00064,Chakrapani Misra,5.2,,30,4.4,,1,9.2,7.2,9.1,5.5,,5.7,4.2,0,8
,Capital Markets - Equity,IND00502,Prashant Gupta,9.3,Ranked 1st,1,9.7,Ranked 1st,10,9.8,8.9,9.5,9.2,Ranked 2nd,7.3,9.9,9.9,9.2
,Capital Markets - Equity,IND01732,Manan Lahoty,8.7,Ranked 2nd,2,9.2,Ranked 2nd,9,9.7,8.5,10,9,Top 10,7.9,9.8,7.9,9.5
,Capital Markets - Equity,IND03123,Yash J. Ashar,8.5,Ranked 3rd,3,9.2,Ranked 3rd,9.3,10,8.2,8.8,8.8,Top 10,6.5,10,9.7,8.5
,Capital Markets - Equity,IND02634,Sandip Bhagat,8.5,Top 5,4,8.5,Top 5,8.2,10,7.9,8,9,Top 10,6.3,10,10,9.2
,Capital Markets - Equity,IND00777,Richa Choudhary,8.2,Top 5,5,6.6,,5,9,7,9.7,9.8,Ranked 1st,10,9.9,10,9.5
,Capital Markets - Equity,IND00494,Nikhil Naredi,8.1,Top 10,6,8.6,Top 5,9,8.6,7,8.7,8.3,,7.6,9,9.8,7.3
,Capital Markets - Equity,IND00715,Bhakta Patnaik,8,Top 10,7,7,Top 10,6.5,8.6,6.7,7.5,9.1,Ranked 3rd,8.8,8.6,10,9.2
,Capital Markets - Equity,IND00005,Abhimanyu Bhattacharya,7.9,Top 10,8,8,Top 10,7.7,9.3,7,8.5,7.9,,6.1,8.5,6.5,8.5
,Capital Markets - Equity,IND03138,Vijay Parthasarathi,7.8,Top 10,9,7.7,Top 10,7.7,7.2,7.6,8.8,8.4,,8.3,8.7,8.2,8.2
,Capital Markets - Equity,IND00271,Abhinav Kumar,7.8,Top 10,10,7.2,Top 10,6.7,8.1,6.7,9.3,9.1,Top 5,8.4,9.6,9.6,8.8
,Capital Markets - Equity,IND01915,Arka Mookerjee,7.4,,11,6.5,,4.5,9,8.5,9.3,9,Top 10,9.2,9,9.9,8.5
,Capital Markets - Equity,IND02635,Jabarati Chandra,7.4,,12,6,,4.5,8.1,7,8.5,8.7,,6.5,9.5,10,8.5
,Capital Markets - Equity,IND01774,Vishal Yaduvanshi,7.4,,13,7.1,Top 10,6.7,7.6,6.7,8.4,8.6,,7.4,9.2,9.9,8.2
,Capital Markets - Equity,IND00016,Aditya George Cheriyan,7.1,,14,5.9,,6.2,2.9,7.6,8.3,7.5,,6.7,8.2,6.8,7.8
,Capital Markets - Equity,IND01975,Madhurima Mukherjee (Saha),7,,15,6.9,,5.9,8.7,7.2,9,7.7,,9.3,9.5,0,8.2
,Capital Markets - Equity,IND00601,Varoon Chandra,6.9,,16,4.9,,3.7,9.4,6.2,0,9.1,Top 5,10,9.6,7.6,8.8
,Capital Markets - Equity,IND00229,Sudhir Bassi,6.9,,17,5.1,,5.9,5.3,0,8.2,8.4,,7.5,8.4,8.7,9
,Capital Markets - Equity,IND00579,Lionel D'Almeida,6.8,,18,5,,2.7,7.9,6.7,9.1,8.7,,7.3,9.2,9.8,8.5
,Capital Markets - Equity,IND00090,Gautham Srinivas,6.7,,19,4.9,,3.7,4.7,6.8,8.4,8.5,,7.3,9.3,8.8,8.2
,Capital Markets - Equity,IND00323,Gokul Rajan,6.6,,20,5.1,,2.7,8.2,7.6,7.7,8.3,,6.1,9.2,9.8,8
,Capital Markets - Equity,IND02649,Jitesh Shahani,6.3,,21,5.1,,3.7,6.2,6.4,8.1,7,,4.2,8.3,10,6
,Capital Markets - Equity,IND01752,Ravi Dubey,6.3,,22,4.9,,2.7,7.2,6.8,9.2,7.5,,7.6,9,7.8,5.8
,Capital Markets - Equity,IND00698,Albin Thomas,5.9,,23,2.4,,0,2.9,6.2,9.5,8.8,Top 10,8.4,8.6,9.9,8.5
,Capital Markets - Equity,IND06252,Aashima Johur,5.7,,24,2.4,,0,2.9,6.7,8.4,8.1,,7.4,8.6,6.3,8.8
,Capital Markets - Equity,IND02650,Juhi Singh,5.7,,25,3.2,,0,6.6,6.9,8.6,7.5,,4.7,8.2,9.8,7.2
,Capital Markets - Equity,IND00371,Reuben Chacko,5.7,,26,3,,5,1,0,0,7.6,,7.5,8.3,4.7,10
,Capital Markets - Equity,IND03708,Abhinav Maker,5.7,,27,2.3,,0,2.9,6,8.4,8.2,,7.8,8,8.9,8.2
,Capital Markets - Equity,IND01046,Vishnu Dutt U,5.7,,28,3,,0,5.3,7.3,8.7,7.8,,7.9,7.6,8.8,7.5
,Capital Markets - Equity,IND02647,Pratichi Mishra,5.6,,29,2.3,,0,4.7,4.4,7.5,7.9,,4.7,9.1,8.4,8.5
,Capital Markets - Equity,IND01705,Abhiroop Lahiri,5.6,,30,2.9,,0,4.7,6.8,9.2,7.7,,6.9,8,9.4,7
,Capital Markets - Equity,IND00245,Thomas George,5.6,,31,2.7,,0,5.8,4.7,7.9,7.7,,6.1,7.9,9.7,7.5
,Capital Markets - Equity,IND02009,Pracheta Bhattacharya,5.6,,32,2.2,,0,4.7,3.3,7.7,8.5,,8.3,8.8,9.8,7.8
,Capital Markets - Equity,IND00552,Veena Sivaramakrishnan,5.6,,33,3,,0,5.3,6.8,8.7,7.6,,7.6,7.2,9.2,7.2
,Capital Markets - Equity,IND01744,Priyadarshini Rao,5.5,,34,2.7,,0,4.7,6,8.3,7.8,,5.5,8.5,10,7.5
,Capital Markets - Equity,IND00140,Oishik Bagchi,5.4,,35,2,,0,0,7.2,8.8,7.9,,7.1,7.9,9.4,7.5
,Capital Markets - Equity,IND00716,Brajendu Bhaskar,5.4,,36,2.3,,0,2.9,6.5,7.4,7.8,,6.7,7.6,10,7.5
,Capital Markets - Equity,IND00406,Abhiroop Datta,5.3,,37,2.4,,0,2.9,7,8.1,7,,5.1,8.1,7.1,7
,Capital Markets - Equity,IND03141,Vinay Sirohia,5.1,,38,1.7,,0,0,6,8.1,7.6,,7.3,8,5.7,8.2
,Capital Markets - Equity,IND07590,Prashant Rajput,4.9,,39,2.7,,0,4.7,6.5,8.1,6.1,,5.1,6.1,8.1,5.8
,Capital Markets - Equity,IND00004,Aayush Mohata,4.2,,40,2.4,,0,2.9,6.2,9,4,,6.7,0,4.7,6.5
,Capital Markets - Debt,IND00120,Manisha Shroff,8.8,Ranked 1st,1,9.3,Ranked 1st,10,8.2,7.9,9.6,9.2,Ranked 2nd,10,10,8.8,8.8
,Capital Markets - Debt,IND02109,Uttara M. Kolhatkar,7.9,Ranked 2nd,2,8.5,Ranked 2nd,8.1,8.4,9.5,9.5,8.5,Top 5,6.5,9.7,10,8
,Capital Markets - Debt,IND00536,Shubhangi Garg,7.5,Ranked 3rd,3,6.2,Top 5,5.5,5.5,7.5,9.4,8.5,Top 5,8.4,8.5,8.6,8.5
,Capital Markets - Debt,IND04763,Pranav Sharma,7,Top 5,4,6.2,Top 5,5.5,6,6.4,10,8.3,Top 10,7.7,7.3,9.8,8.2
,Capital Markets - Debt,IND02940,Priyanka Kumar,6.9,Top 5,5,6.6,Ranked 3rd,5.5,7.7,7.9,8.5,7.6,Top 10,9.6,0,10,9.2
,Capital Markets - Debt,IND02962,Rahul Gulati,6.6,,6,4,Top 10,2.9,2.9,5.7,9.2,9.5,Ranked 1st,10,10,9.9,9
,Capital Markets - Debt,IND07528,Niloufer Lam,5.9,,7,3.9,Top 10,0,10,6.7,9.2,8.7,Ranked 3rd,8.6,8.7,7.4,9.2
,Capital Markets - Debt,IND02534,Aditya Bhargava,5.5,,8,2.5,Top 10,0,4.9,10,0,7,Top 10,8.5,6.6,0,9.8
,Capital Markets - Debt,IND00398,Subhalakshmi Naskar,5.3,,9,3,Top 10,0,4.7,7.5,9.2,6.2,Top 10,0,0,8.8,0
,Capital Markets - Debt,IND02750,Satadru Goswami,4.7,,10,1.5,Top 10,0,0,3.9,9.6,6.5,Top 10,4.1,5.3,7.4,7.5
,Competition,IND00759,Nisha Kaur Uberoi,9,Ranked 1st,1,9.6,Ranked 1st,9.9,10,8,10,10,Ranked 1st,10,-,10,10
,Competition,IND00454,Harman Singh Sandhu,9,Ranked 2nd,2,9.3,Ranked 2nd,10,9.9,7.9,7,9.1,Top 10,7.4,-,10,9.5
,Competition,IND00301,Avaantika Kakkar,8.7,Ranked 3rd,3,9,Ranked 3rd,8.7,10,8.7,9.1,9.2,Top 5,8.9,-,9.9,9
,Competition,IND01030,Samir R Gandhi,8.6,Top 5,4,8.3,Top 5,8.5,9,6.4,8.3,9.1,Top 10,8.3,-,9.9,9
,Competition,IND01160,Karan Chandhiok,8.5,Top 5,5,8.4,Top 5,8.3,9.7,6.9,8.6,9,Top 10,7.9,-,8.3,10
,Competition,IND00590,Ram Kumar Poornachandran,8.3,Top 10,6,7.9,Top 10,8,9.5,4.9,8,9,,8.5,-,9.1,9
,Competition,IND00553,Yaman Verma,8,Top 10,7,6.7,,6.5,7.5,5.4,8,9.8,Ranked 2nd,10,-,10,9.5
,Competition,IND00038,Anshuman Sakle,7.9,Top 10,8,8.1,Top 10,6.9,9.2,10,9.3,8.3,,7.5,-,9.4,8
,Competition,IND01031,Rahul Rai,7.9,Top 10,9,6.9,Top 10,7.2,6.3,5.6,8.5,8.9,,8.4,-,9.9,8.5
,Competition,IND00628,Bharat Budholia,7.9,Top 10,10,7.8,Top 10,7.2,9,7.4,8.7,8.8,,8.5,-,9.6,8.5
,Competition,IND00490,Naval Satarawala Chopra,7.7,,11,6.9,,6.1,8.3,6.9,8.7,8.2,,7.4,-,8.3,8.5
,Competition,IND00537,Shweta Shroff Chopra,7.6,,12,6.7,,4.9,9.7,7.9,8.7,8,,6.6,-,9.8,7.5
,Competition,IND00118,Manas Kumar Chaudhuri,7.5,,13,5.9,,4.1,10,5.6,7.9,9.1,Top 10,8.3,-,9,9.5
,Competition,IND00639,Hemangini Dadwal,7.5,,14,6.7,,6.5,7.5,5.9,7.2,8.7,,8.7,-,9.6,8
,Competition,IND00033,Anisha Chand,7.2,,15,6.8,,6.5,7.5,5.9,8.4,7.2,,8.2,-,7.4,6.5
,Competition,IND01516,Ravisekhar Nair,7.1,,16,6.1,,4.9,8.8,5.8,7.5,8.5,,6.4,-,9.5,9
,Competition,IND00780,Rudresh Singh,7,,17,5.8,,4.9,6.8,5.6,8.7,8.6,,9,-,10,7.5
,Competition,IND00428,Aparna Mehra,7,,18,7.5,Top 10,7.2,7.8,7.5,8.3,6.8,,7.2,-,7.6,6
,Competition,IND02110,Vaibhav Choukse,7,,19,5.4,,3,9.2,7.1,8.9,9.3,Ranked 3rd,8.6,-,9.8,9.5
,Competition,IND01161,Deeksha Manchanda,7,,20,4.9,,3,8.3,4.6,8.8,8.8,,6.7,-,9.5,9.5
,Competition,IND00726,Gautam Chawla,6.9,,21,6.3,,6.1,5.8,6.5,7.9,7.5,,7.1,-,9.9,6
,Competition,IND02948,Sonam Mathur,6.8,,22,6,,4.1,8.8,7.5,8.2,8.1,,6.2,-,9.8,8
,Competition,IND00153,Pranjal Prateek,6.7,,23,4.7,,3,7.5,5.2,8.2,8.1,,6.6,-,9.2,8
,Competition,IND04713,Kirthi Srinivas,6.7,,24,4.4,,3,5.1,6.5,8.2,9.1,Top 10,9.1,-,9.8,8.5
,Competition,IND00314,Dhruv Rajain,6.7,,25,5.4,,4.9,5.1,5.9,7.5,8,,7.8,-,9.6,7
,Competition,IND00511,Rohan Arora,6.2,,26,4.7,,4.1,5.1,4.9,7.3,7.6,,7.4,-,9.5,6.5
,Competition,IND00451,Gauri Chhabra,6.2,,27,3.7,,4.1,0,4.6,7.6,7.4,,5.8,-,9.5,7
,Competition,IND07656,Abir Roy,6.1,,28,5.3,,4.1,7.5,4.2,9.2,6.5,,10,-,0,9
,Competition,IND00966,Rahul Goel,5.9,,29,2.7,,0,5.1,5.8,8.5,8.9,,6.4,-,6.6,10
,Competition,IND01511,Parthsarathi Jha,5.9,,30,3.6,,3,5.8,0,8.6,8,,5.9,-,9.8,8
,Competition,IND01150,Avinash Amarnath,5.9,,31,2.5,,0,5.8,3.6,8.3,8.6,,7.4,-,8.3,9.5
,Competition,IND00968,Anu Monga,5.7,,32,2.7,,0,5.1,5.9,7.7,8.9,,6.4,-,6.6,10
,Competition,IND01943,Ela Bali,5.6,,33,1.7,,0,6.8,0,7.6,9.3,Top 5,8.6,-,9.6,9.5
,Competition,IND03139,Vijay Pratap Singh Chauhan,5.6,,34,2.7,,0,6.8,3.6,8.3,8.1,,7.6,-,9.3,7.5
,Competition,IND02231,Neelambera Sandeepan,5.3,,35,2.6,,0,4.2,6,8.2,7.6,,5.8,-,9.1,7.5
,Competition,IND02909,Gaurav Desai,5.3,,36,2.2,,0,5.1,3.6,6.9,7.6,,6.9,-,7.7,7
,Competition,IND02652,Simran Dhir,5.3,,37,3.1,,0,7.5,7.8,4.8,6.8,,5.3,-,9.2,6
,Competition,IND01474,Abhay Joshi,5.2,,38,2.8,,0,7.1,3.6,8.4,7.5,,4.8,-,8.2,8.5
,Competition,IND01772,Unnati Agrawal,5.2,,39,2.8,,0,5.8,5.4,8,7.3,,2.8,-,9.3,8.5
,Competition,IND02656,Akshat Kulshrestha,5.1,,40,2.3,,0,5.8,2.6,7.5,7.2,,5.3,-,9.2,7
,Cyber,IND00757,Nikhil Narendran,9,Ranked 1st,1,9.8,Ranked 1st,10,9.6,9.7,9.7,9.3,Ranked 2nd,9.6,-,10,9
,Cyber,IND03226,Mathew Chacko,8,Ranked 2nd,2,8.1,Ranked 2nd,7.5,9.2,7.9,10,8.7,Top 5,7.5,-,10,8.5
,Cyber,IND00235,Supratim Chakraborty,7.7,Ranked 3rd,3,7,Top 5,6,6.6,9.3,9.4,8.8,Ranked 3rd,7.7,-,9.4,9
,Cyber,IND00734,Jyotsna Jayaram,7.6,Top 5,4,6.9,Top 10,6,7.8,7.7,8.2,8.7,Top 5,9.5,-,10,8
,Cyber,IND00298,Arun Prabhu,7.2,Top 5,5,7.2,Top 5,6,7.5,10,8.5,7.5,,8,-,8.2,7
,Cyber,IND07527,Nehaa Chaudhari,7.1,Top 10,6,6.3,Top 10,5,8.7,6.9,7.9,7.9,,6.2,-,9,7.5
,Cyber,IND02023,Probir Roy Chowdhury,6.7,Top 10,7,5.4,Top 10,3.5,6.6,9,7.8,8.5,Top 10,9.2,-,9,8
,Cyber,IND07530,Sreenidhi Srinivasan,6.6,Top 10,8,4.7,Top 10,3.5,6,5.2,7.7,8.1,Top 10,0,-,0,0
,Cyber,IND02052,Sajai Singh,6.5,Top 10,9,8.1,Ranked 3rd,6.8,10,8.7,10,5.6,,8.4,-,0,7
,Cyber,IND01749,Ranjana Adhikari,6.4,Top 10,10,3.3,,0,7.8,6.3,8.2,8.5,Top 10,6.8,-,8.3,9.5
,Cyber,IND00732,Jaideep Reddy,6.2,,11,3.5,,0,7.1,8,8.7,8.3,Top 10,7,-,9.3,8.5
,Cyber,IND04874,Akash Karmakar,6.2,,12,3.2,,0,5.3,8.1,9.2,9.7,Ranked 1st,10,-,9.8,9.5
,Cyber,IND00095,Harsh Walia,5.9,,13,3.9,Top 10,0,8.2,9.4,8.2,7.5,,7.4,-,8.5,7
,Cyber,IND01762,Shreya Suri,5.7,,14,3.1,,0,5.3,8.6,7.9,8.1,Top 10,8.1,-,9.5,7.5
,Cyber,IND00455,Hemant Krishna,5.8,,15,3.1,,0,5.3,8,8.5,6.1,,5.9,-,8.7,5
,Cyber,IND05097,Aadya Misra,5.3,,16,3.3,,0,6,8.5,8.3,7.1,,7.8,-,4.8,8
,Cyber,IND00291,Anirban Mohapatra,5.3,,17,2,,0,6,0,7.9,7.6,,6.5,-,8.9,7.5
,Cyber,IND01738,Namita Viswanath,5.1,,18,3.6,,0,8.7,7.1,8,5.9,,8,-,4.8,5.5
,Cyber,IND04894,Rishi Anand,4,,19,3.3,,0,7.1,6.2,9.7,3.5,,4.1,-,0,5
,Cyber,IND07526,Utham Chengappa,3.1,,20,1.8,,0,5.3,0,7,4,,6.2,-,0,5.5
,Infrastructure,IND00755,Neeraj Menon,8.7,Ranked 1st,1,9.8,Ranked 1st,9.7,10,10,9.2,8.3,Top 10,5.8,6.6,9.8,9.5
,Infrastructure,IND01897,Amit Kapur,8.4,Ranked 2nd,2,9,Ranked 3rd,8.5,10,9.8,8.9,8.6,Top 5,6.4,7.9,8.5,10
,Infrastructure,IND00462,Jatin Aneja,7.8,Ranked 3rd,3,7.6,Top 10,6.5,10,8.8,7.4,8.6,Top 5,4.7,7.7,9.8,9.5
,Infrastructure,IND01697,Hemant Sahai,7.7,Top 5,4,7.7,Top 5,6.5,10,8.8,8.2,7.9,,7.9,7.1,7,9.5
,Infrastructure,IND00754,Nayantara Nag,7.7,Top 5,5,7.7,Top 5,7.1,8.7,7.9,8.9,7.8,,4.4,6.5,8.9,9
,Infrastructure,IND00342,L Viswanathan,7.5,Top 10,6,9.2,Ranked 2nd,9.5,8.2,10,8.8,6.1,,7.7,0,9.7,8
,Infrastructure,IND00022,Akhil Bhatnagar,7.2,Top 10,7,5.7,Top 10,5.7,3.2,6.7,8.9,8,,5.1,7.7,8.4,9
,Infrastructure,IND02732,Avirup Nag,7.1,Top 10,8,6.6,Top 10,5.7,8.5,6.9,7.6,7.9,,5.1,7.4,9.2,8
,Infrastructure,IND00568,Anuja Tiwari,6.6,Top 10,9,5.7,Top 10,3.4,8.5,8.3,8.7,7.6,,5.3,5.4,9.8,8.5
,Infrastructure,IND00079,Gahan Singh,6.2,Top 10,10,3.5,,3.4,3.2,7,0,8.2,Top 10,7.8,6.8,9.6,8.5
,Infrastructure,IND02740,Mohit Saraf,6.2,,11,3.9,,0,8.2,8.3,10,7.6,,5.1,6.8,8.2,8.5
,Infrastructure,IND01264,Anjan Dasgupta,5.9,,12,3.8,,0,9.2,7.2,9.1,8.1,,6.6,8.1,7.3,9.5
,Infrastructure,IND06176,Manasvini Raj,5.7,,13,1.8,,0,0,6.2,8.2,8.7,Ranked 2nd,8.7,7.1,9.4,9.5
,Infrastructure,IND00070,Dibyanshu Sinha,5.7,,14,3.5,,0,8.7,6.9,7.2,6.9,,5.3,4.5,8.7,8
,Infrastructure,IND00398,Subhalakshmi Naskar,5.7,,15,4.8,Top 10,4.7,3.2,5.9,6.9,5.5,,5.7,0,8,8.5
,Infrastructure,IND00381,Sangita John,5.6,,16,1.8,,0,0,7.6,6.9,8.7,Ranked 3rd,7.9,8,10,8.5
,Infrastructure,IND00401,Surya Sreenivasan,5.6,,17,1.9,,0,0,7.7,7.9,8.4,Top 10,7.1,7.3,8.8,9.5
,Infrastructure,IND00364,Ramanuj Kumar,5.5,,18,1.9,,0,0,8.1,7.3,9.5,Ranked 1st,7.9,10,9.9,9
,Infrastructure,IND02943,Akshay Malhotra,5.5,,19,2.9,,0,5.3,6.3,8.5,7.7,,5.5,6,9.5,8.5
,Infrastructure,IND01472,Aakanksha Joshi,5.5,,20,4.1,,0,9.6,9,8.1,7.4,,4.7,7.2,8.4,7.5
,Infrastructure,IND01701,Soumya Malik,5.5,,21,3.1,,0,5.3,8.2,7.9,7.6,,7.4,7.3,6.1,9.5
,Infrastructure,IND07529,Deepak Sabharwal,5.5,,22,1.9,,0,0,6.7,9.1,8.2,Top 10,7,7.6,9.3,8
,Infrastructure,IND00609,Aditya Periwal,5.4,,23,3.8,,3.4,0,7.6,8.3,6.3,,5.3,4.5,5.7,9
,Infrastructure,IND02631,Gunita Pahwa,5.4,,24,2.1,,0,0,8.2,8.5,8.4,Top 10,7.1,6.7,9.8,9
,Infrastructure,IND02538,Pallavi Bedi,5.4,,25,3.7,,0,8.5,8.2,8.1,7.3,,5.8,6.6,7.3,8.5
,Infrastructure,IND00211,Shivanshu Thaplyal,5.3,,26,2.3,,0,3.2,5.9,8.3,7.3,,8,6.8,6.3,8.5
,Infrastructure,IND00652,Mallika Anand,5.2,,27,1.9,,0,0,7.7,7.6,7.5,,6,4.6,9.5,9
,Infrastructure,IND02647,Pratichi Mishra,5.1,,28,1.3,,0,0,4.2,7.2,7.6,,5.7,6.5,8.4,8.5
,Infrastructure,IND00988,Ranjit Prakash,4.9,,29,2,,0,0,8.3,7.2,7.9,,10,9.7,4.7,8.5
,Infrastructure,IND00699,Amar Narula,4.8,,30,2.6,,0,3.2,7.6,8,5.9,,5.5,0,8.7,9
,Infrastructure,IND06293,Gayatri Shanker,4.7,,31,1.1,,0,0,4.5,4.7,7,,5.3,4.5,7.4,9.5
,Infrastructure,IND00779,Riyaz Bhagat,4.7,,32,1.8,,0,0,7,7.7,5.9,,3.1,0,9.7,9
,Infrastructure,IND02710,Sitara Pillai,4.4,,33,1.5,,0,0,7.2,4.1,7.2,,5.7,5.7,9.8,6.5
,Infrastructure,IND02553,Sameer Jain,4.3,,34,2.1,,0,0,8.1,9,4.8,,6.2,0,5.5,8.5
,Infrastructure,IND01692,Monali Dutta,4.2,,35,1.9,,0,0,7.9,7.2,5.6,,6.7,7.9,1,7.5
,Infrastructure,IND01504,Megha Agarwal,4,,36,2.3,,0,1,8.4,8.3,4.3,,5.3,4.5,0,8
,International Trade,IND01522,Sanjay Notani,9.1,Ranked 1st,1,9.3,Ranked 1st,9,9.6,10,10,9.8,Ranked 2nd,10,-,10,9.6
,International Trade,IND02274,V. Lakshmikumaran,9,Ranked 2nd,2,8.5,Ranked 2nd,10,8.2,8.8,0,10,Ranked 1st,10,-,10,10
,International Trade,IND02203,Devinder Bagia,8,Ranked 3rd,3,7.5,Ranked 3rd,7.6,6.6,7.4,8.8,9.5,Ranked 3rd,9.5,-,10,9.3
,International Trade,IND00723,Dhruv Gupta,7.6,Top 5,4,6.4,Top 5,5.5,7.5,6.7,8.8,8.9,Top 10,9.5,-,8.9,8.7
,International Trade,IND01511,Parthsarathi Jha,7.5,Top 5,5,7,Top 5,8.3,7.1,0,9.8,8.5,Top 10,6.7,-,9.6,8.8
,International Trade,IND07689,Atul Sharma,7.2,Top 10,6,-,,-,-,-,-,-,,-,-,-,-
,International Trade,IND07621,Reena Khair,6.4,Top 10,7,4.1,Top 10,0,9.2,9.1,9.4,8.5,,8.5,-,8.4,8.5
,International Trade,IND07657,Seetharaman Sampath,6.2,Top 10,8,4.1,Top 10,0,10,9.2,7.2,9.1,Top 5,8.2,-,9.4,9.3
,International Trade,IND07570,Anuradha R V,6.1,Top 10,9,3.4,Top 10,0,7.5,6.5,9.1,8.9,Top 10,8.9,-,9,8.8
,International Trade,IND02193,Ankur Sharma,6.2,Top 10,10,3.3,Top 10,0,7.1,6.5,8.8,9.2,Top 5,8.4,-,9.6,9.3
,International Trade,IND01267,Ashish Chandra,5.8,,11,3.2,Top 10,0,8.7,3.8,8.9,8.6,Top 10,8.8,-,8.5,8.6
,International Trade,IND00121,Mayank Jain,5.3,,12,2.2,,0,0,9,8.2,7.8,,7.9,-,8.8,7.5
,International Trade,IND00968,Anu Monga,5.3,,13,2.1,,0,0,8,8.7,8.6,Top 10,8.6,-,8.7,8.5
,International Trade,IND00059,Ayush Mehrotra,5.7,,14,1.9,,0,0,6,9.8,8.4,,7.6,-,8.6,8.6
,International Trade,IND02646,Ajinkya Gunjan Mishra,5.3,,15,2.4,,0,0,9.4,10,7.6,,8.6,-,8.3,7
,International Trade,IND02989,Rajat Agarwal,5.2,,16,1.3,,0,0,3.2,8.4,8.3,,7.8,-,8.4,8.5
,International Trade,IND00250,Udayan Choksi,4.5,,17,0.9,,0,0,0,9.4,7.5,,6.8,-,8,7.5
,Private Capital,IND00569,Ashwath Rau,8.7,Ranked 1st,1,10,Ranked 1st,10,8.4,4.2,-,10,Ranked 1st,7,10,8.5,-
,Private Capital,IND00508,Raghubir Menon,7.7,Ranked 2nd,2,9.1,Ranked 2nd,9.1,5.2,3.8,-,8.9,Ranked 2nd,3.4,5.9,9.94,-
,Private Capital,IND00370,Reeba Chacko,6.5,Ranked 3rd,3,8.1,Ranked 3rd,6.3,6,2.7,-,8,Top 5,2.8,4.1,9.62,-
,Private Capital,IND00729,Harsh Maggon,5.8,Top 5,4,6.5,Top 10,3.4,0,5.6,-,8.3,Ranked 3rd,4,4,10,-
,Private Capital,IND02118,Vikram Raghani,5.8,Top 5,5,7.2,Top 5,5,4.1,6.7,-,8,Top 5,3.8,5.3,6.75,-
,Private Capital,IND00600,Vaidhyanadhan Iyer,5.7,Top 10,6,6.4,Top 10,3.1,0.8,5.6,-,7.3,Top 10,4.2,9.4,5.24,-
,Private Capital,IND00580,Nandish Vyas,5.6,Top 10,7,6.9,Top 5,4.4,3.4,5.8,-,7.2,Top 10,1.8,3.2,8.46,-
,Private Capital,IND00092,Haigreve Khaitan,5.2,Top 10,8,6.1,,1.6,5.5,7.1,-,6.8,,2.4,7,5.88,-
,Private Capital,IND00760,Nishant Parikh,4.7,Top 10,9,6.8,Top 10,3.1,6.3,5.6,-,6.6,,7,5,4.19,-
,Private Capital,IND00391,Shishir Jose Vayttaden,4.6,Top 10,10,5.9,,3.1,3.6,2.7,-,5.6,,2,4.4,4.08,-
,Private Capital,IND02937,Sonali Mahapatra,4.6,,11,6.2,,2.8,3.6,4.4,-,7,,3.4,4,7.11,-
,Private Capital,IND00573,Darshika Kothari,4.5,,12,5.4,,1.6,1.8,6.2,-,7.1,,2.8,5.3,6.92,-
,Private Capital,IND00782,Sai Krishna Bharathan,4.5,,13,5.4,,2.2,0,5.1,-,7.4,Top 10,6,4.3,6.8,-
,Private Capital,IND00566,Anil Kasturi,4.5,,14,6.4,Top 10,1.3,8,2.7,-,4.7,,2,2.5,2.66,-
,Private Capital,IND02976,Abhijit Joshi,4.4,,15,5.5,,0.9,3.7,8.3,-,7.3,Top 10,4,0,8.06,-
,Private Capital,IND02949,Gautam Saha,4.4,,16,6.4,Top 10,2.5,6.5,5.9,-,6.3,,8,7.2,1.15,-
,Private Capital,IND00736,Kannan Rahul,4.3,,17,5.6,,1.6,2.7,3.8,-,6.3,,2,3.2,6.32,-
,Private Capital,IND00458,Iqbal Khan,4.3,,18,6.1,,2.5,3.8,8.6,-,5.7,,2,6.9,3.35,-
,Private Capital,IND00369,Ravindra Bandhakavi,4.3,,19,6.2,,1.3,6.9,4.9,-,5.8,,4.4,3.8,3.89,-
,Private Capital,IND00060,Bharat Anand,4.2,,20,5.1,,1.3,0.6,7.7,-,6.1,,4.2,3,4.84,-
,Private Capital,IND00132,Nikhil Narayanan,4.2,,21,5.5,,1.9,0,0,-,5.3,,2.8,5.7,2.5,-
,Private Capital,IND00106,Kartick Maheshwari,4.2,,22,-,,1.9,1.5,4.4,-,-,,3.2,5.4,4.38,-
,Private Capital,IND00463,Jay Gandhi,4.2,,23,5.5,,0.9,3.6,4.4,-,6.6,,2.6,5.3,4.91,-
,Private Capital,IND00594,Roxanne Anderson,4.1,,24,5.4,,1.9,0.8,3.8,-,6.3,,0.2,1.6,6.68,-
,Private Capital,IND00356,Nivedita Rao,4.1,,25,5.2,,1.9,0.8,3.8,-,6.4,,1.4,3.2,6.68,-
,Private Capital,IND00596,Srinath Dasari,4.1,,26,5.8,,1.3,4.8,3.8,-,5.2,,2.6,2.1,2.78,-
,Private Capital,IND00164,Rabindra Jhunjhunwala,4.1,,27,3,,0,0.6,0,-,6.2,,2.8,3.8,5.32,-
,Private Capital,IND00724,Ganesh Rao,4,,28,5.2,,0.6,0,3.4,-,7.9,Top 10,6,4.3,8.16,-
,Private Capital,IND00218,Siddarth Shah,4,,29,6,,1.3,5.5,9.8,-,6.2,,3.4,5.4,4.46,-
,Private Capital,IND00701,Amit Khansaheb,4,,30,6.2,,1.6,6,4.2,-,6,,6,4.3,2.4,-
,Private Capital,IND00477,Manish Gupta,4,,31,5.2,,0.3,3.6,5.8,-,6.4,,10,3.5,3.13,-
,Private Capital,IND00130,Nidhi Killawala,4,,32,4.3,,0.6,0.8,5.3,-,6.5,,3.4,3,6.22,-
,Private Capital,IND00074,Divaspathi Singh,3.9,,33,4.2,,0.9,0,0,-,6.1,,6.8,4.4,3.41,-
,Private Capital,IND02476,Nishchal Joshipura,3.7,,34,5.2,,0.3,3.2,7.8,-,6,,2,4.4,4.87,-
,Private Capital,IND04763,Pranav Sharma,3.6,,35,5.5,,1.3,2.7,4.4,-,5,,2.6,2.1,3.16,-
,Private Capital,IND00813,Yogesh Singh,3.6,,36,3.6,,0.3,0.6,0,-,5.7,,4,4.3,3.53,-
,Private Capital,IND01232,Gunjan Shah,3.5,,37,-,,1.3,2.8,5.3,-,-,,2.6,5.3,4.94,-
,Private Capital,IND00765,Pranav Atit,3.5,,38,4.8,,0.3,2.1,4.4,-,4.9,,2.2,3.2,2.62,-
,Private Capital,IND01707,Winnie Sherkhar,3.5,,39,5.1,,0,3.6,0,-,5.8,,10,2.1,2.21,-
,Private Capital,IND00582,Nanditha Gopal,3.5,,40,5,,0.3,2.4,4.4,-,5.6,,2.4,1.6,5.07,-
,Private Capital,IND03027,Siddhart Srivastava,3.5,,41,4,,0,1.8,0,-,5.3,,2.2,2.5,3.98,-
,Private Capital,IND01737,Minhaz Lokhandwala,3.5,,42,3.9,,0.3,1,5.6,-,6.6,,8.4,2.5,4.74,-
,Private Capital,IND00261,Vivek Mamani,3.4,,43,4.2,,0,2.1,3.4,-,4.7,,5,3,1.13,-
,Private Capital,IND00696,Aditya Jha,3.3,,44,5.3,,0.9,2.8,3.8,-,5.7,,6,4.3,2.69,-
,Private Capital,IND01585,Shuva Mandal,3.3,,45,-,,1.6,2.7,6.2,-,-,,1,3,2.29,-
,Private Capital,IND02506,Sharda Balaji,3.3,,46,4.5,,0,2.4,8.2,-,5.6,,0,0,6.68,-
,Private Capital,IND00066,Deepak Jodhani,3.2,,47,4.3,,0.6,0.8,4.9,-,4.9,,2.2,3.2,2.73,-
,Private Capital,IND00398,Subhalakshmi Naskar,3.1,,48,4.2,,0.9,0,3.4,-,6.4,,1.4,1.6,7.27,-
,Private Capital,IND02081,Siddharth Mody,2.9,,49,4.8,,0.9,0.6,7.1,-,6.4,,7.6,2.1,3.72,-
,Private Capital,IND00378,S. Harish,2.8,,50,5.2,,0.9,2.1,5.8,-,4.8,,2.8,4.3,1.73,-
