Resight ID,Ranking,@Image path,Name,Position,Location,Organisation,Bio,Total,Badge,Rank,Reputation score,Reputation rank badge,R Peers,R Directories,R News media,R Social media,Instructions score,Instructions rank badge,I Volume,I Value,I Clients,I Complexity,Sophistication score,Sophistication rank badge,S Tech and data,S Pricing,S Talent development,Experience score,Experience rank badge,E Service,E Expertise,E Commerciality,E Communication,E EQ,E Strategy,E Network,E Leadership
IND00197,Arbitration,Sanjeev Kapoor.png,Sanjeev K Kapoor,Partner,Delhi,Khaitan & Co,,8.3,Ranked 1st,1,8.2,Ranked 2nd,8.5,9.2,6.1,8.2,8.9,Ranked 3rd,9.4,7.2,8.9,9.6,7.4,Top 10,8,7,-,8.5,Top 10,10,10,10,10,10,10,10,10
IND00602,Arbitration,Photos/Vijayendra-Pratap-Singh_5792526_1.jpg,Vijayendra Pratap Singh,Senior Partner,Delhi,AZB & Partners,,8.2,Ranked 2nd,2,8.2,Ranked 3rd,10,8.5,0,9.6,8.6,Top 10,9,8.2,6.5,9.4,7.7,Ranked 2nd,7.3,8,8,8.1,,10,10,10,8,10,10,8,10
IND00589,Arbitration,Photos/Rajendra-Barot_5789029_1.jpg,Rajendra Barot,Senior Partner,Mumbai,AZB & Partners,,8.2,Ranked 3rd,3,8.3,Ranked 1st,8.5,9.4,7.2,6.9,9.3,Ranked 1st,8.2,9.7,8.8,9.6,6,,6,4,7,10,Ranked 1st,10,10,10,10,10,10,10,10
IND00386,Arbitration,Photos/Shaneen-Parikh-updated.png,Shaneen Parikh,Partner (Head - International Arbitration),Mumbai,Cyril Amarchand Mangaldas,,8,Top 5,4,8.2,Top 5,7.6,10,7.4,9,8.7,Top 5,7.6,7.4,9.2,9.7,6.1,,5.3,6,-,-,,-,-,-,-,-,-,-,-
IND00761,Arbitration,Photos/Nitesh Jain.png,Nitesh Jain,Partner,Mumbai,Trilegal,,8,Top 5,5,7,Top 10,7.2,5.3,7.4,8.8,9.2,Ranked 2nd,7.5,9.4,9.2,9.8,7.3,,7.3,4,9,-,,-,-,-,-,-,-,-,-
IND02504,Arbitration,Photos/Vyapak Desai - Arb.jpg,Vyapak Desai,Counsel,Mumbai,Vyapak Desai Law Chambers,,7.8,Top 10,6,8.1,Top 5,7.9,9.4,5.9,9.9,7.6,,8.2,8.6,0,9.4,7.3,,7.3,8,7,9.3,Top 5,10,10,10,10,9,9,10,10
IND00456,Arbitration,Photos/ila-kapur.png,Ila Kapoor,Partner,Delhi,Shardul Amarchand Mangaldas & Co,,7.6,Top 10,7,7.4,Top 10,6.4,9.2,7.8,8.4,8.3,Top 10,8.7,5.9,9.4,9.2,6.7,,5.3,7,8,-,,-,-,-,-,-,-,-,-
IND00439,Arbitration,Photos/Binsy Susan.png,Binsy Susan,Partner,Delhi,Shardul Amarchand Mangaldas & Co,,7.3,Top 10,8,7.1,Top 10,6.8,6.6,7.7,8.2,7.8,,5.7,8.9,6.1,8.6,6.7,,8.7,6,5,7,,8,8,8,8,8,8,8,8
IND00112,Arbitration,Photos/Kingshuk.png,Kingshuk Banerjee,Partner,Mumbai,Khaitan & Co,,6.8,Top 10,9,6.1,Top 10,5.2,7.8,5.1,9,7.8,,8.4,6.4,5.9,9,6.5,,7.3,6,6,8.3,Top 10,10,10,10,10,10,10,8,10
IND00020,Arbitration,Photos/Ajay Bhargava_0.png,Ajay Bhargava,Partner,Delhi,Khaitan & Co,,6.8,Top 10,10,5.1,,3.1,7.5,6.4,9.8,8.3,Top 10,9.5,7.6,7.4,8.7,7.2,,6,6,9,-,,-,-,-,-,-,-,-,-
IND00788,Arbitration,Photos/shankh-sengupta-1.png,Shankh Sengupta,Partner,"Delhi
Mumbai",Trilegal,,6.4,,11,5.6,,5.2,5.3,6.4,7.3,6.8,,4.1,6.4,6.9,7.9,7.4,Top 10,8,7,-,-,,-,-,-,-,-,-,-,-
IND01508,Arbitration,Photos/Naresh Thacker.jpg,Naresh Thacker,Counsel,Mumbai,Chambers of Naresh Thacker,,6.4,,12,6,Top 10,4.3,7.5,8,9.1,7,,6.9,8.3,4.7,7,5.9,,5.3,7,6,8.3,Top 10,10,8,10,10,10,10,10,10
IND00337,Arbitration,Photos/Kapil Arora - Arb.png,Kapil Arora,Partner,Delhi,Cyril Amarchand Mangaldas,,6.2,,13,3.6,,0,8.7,5.8,9.7,8.2,,6.1,7,9.7,9,7.6,Top 10,6.7,-,9,-,,-,-,-,-,-,-,-,-
IND07512,Arbitration,Photos/Manoj K Singh.png,Manoj K Singh,Founding Partner,Delhi,S&A Law Offices,,6,,14,3.2,,0,6.6,7.2,8.5,8.1,,9.9,7.1,9.9,7.6,7.1,,7.3,-,-,6.1,,8,6,6,8,8,6,6,6
IND02631,Arbitration,Photos/Gunita_Pahwa.jpg,Gunita Pahwa,Joint Managing Partner,,S&A Law Offices,,5.9,,15,3.4,,0,6.6,8.1,8.7,8.4,Top 10,9.5,8.5,9.8,7.6,6,,6,6,6,-,,-,-,-,-,-,-,-,-
IND00712,Arbitration,Photos/ashish-bhan.png,Ashish Bhan,Partner,Delhi,Trilegal,,5.9,,16,3,,1,7.8,0,9.2,7.8,,5.5,8.1,6.8,8.7,7.9,Ranked 1st,9.3,-,-,7.9,,10,10,10,8,10,8,8,10
IND00801,Arbitration,Photos/tine-abraham-1.png,Tine Abraham,Partner,Delhi,Trilegal,,5.9,,17,3.6,,1,7.8,4.3,7.9,7.5,,7.6,5,8.8,8.3,7.5,Top 10,8.7,6,7,-,,-,-,-,-,-,-,-,-
IND01936,Arbitration,Photos/Dheeraj-Nair-profile-picture-1200x432.jpg,Dheeraj Nair,Partner,Delhi,JSA Advocates & Solicitors,,5.9,,18,3.9,,4.3,0,5.1,7.2,7.6,,8.9,6.6,7.3,7.9,6.3,,4.7,6,8,8.5,Top 10,10,10,10,10,10,10,10,10
IND02739,Arbitration,Photos/Manmeet Singh.png,Manmeet Singh,Senior Partner,"Delhi
Mumbai",Cyril Amarchand Mangaldas,,5.8,,19,2.7,,1,6,0,9.7,8.1,,5.5,9,8.7,8.2,7.5,Top 10,7.3,7,8,8.5,Top 10,10,10,10,10,10,10,10,10
IND00327,Arbitration,Photos/Indranil.png,Indranil Deshmukh,Partner & Head of Disputes,Mumbai,Cyril Amarchand Mangaldas,,5.8,,20,3,,1,8.2,0,8.4,8.4,Top 10,8.9,8.9,8.2,8.1,6.2,,6,5,7,10,Ranked 2nd,10,10,10,10,10,10,10,9.6
IND02569,Arbitration,Photos/Suvigya Awasthy.png,Suvigya Awasthy,Partner,Delhi,PSL Advocates & Solicitors,,5.8,,21,3.6,,0,7.5,7.8,8.9,7.1,,7.1,5.5,5.5,8.5,7.7,Ranked 3rd,7.3,8,8,7,,8,8,8,8,8,8,8,8
IND00929,Arbitration,Photos/SameerTapia.JPG,Sameer Tapia,Founder & Senior Partner,Mumbai,ALMT Legal,,5.7,,22,3.1,,0,5.3,7.4,9.4,8.7,Top 5,0,0,8.7,0,5.1,,4.7,6,5,-,,-,-,-,-,-,-,-,-
IND00540,Arbitration,Photos/smarika-Singh.png,Smarika Singh,Partner,Delhi,Shardul Amarchand Mangaldas & Co,,5.7,,23,3.4,,3.1,4.4,0,8.4,7.3,,5.7,6,5.8,9,7.1,,6.7,6,8,8.1,,10,10,8,10,8,10,10,10
IND00663,Arbitration,Photos/Priyanka-Shetty-copy-1-e1633778843896.jpg,Priyanka Shetty,Partner,Mumbai,AZB & Partners,,5.6,,24,2.6,,0,3.2,6.9,9,7.6,,7.6,9.7,0,9,7.7,Top 5,7.3,6,9,9.2,Top 5,10,9,9,10,10,10,9,10
IND00345,Arbitration,Lomesh-Kiran.png,Lomesh Nidumuri,"Partner (Head – Disputes, South India)",Bengaluru,Cyril Amarchand Mangaldas,,5.6,,25,2.6,,1,5.3,0,9.5,7.8,,4.9,7.4,9.5,8.5,7,,6,-,8,-,,-,-,-,-,-,-,-,-
IND01048,Arbitration,Photos/Sneha Jaisingh.jpg,Sneha Jaisingh,Partner,Mumbai,Bharucha & Partners,,5.5,,26,2.3,,0,3.2,5.1,8.6,7.8,,9.8,4.1,9.5,8.5,7.7,Top 5,6.7,9,8,10,Ranked 3rd,10,10,10,10,10,10,10,10
IND00739,Arbitration,Photos/Ketan-Gaur.png,Ketan Gaur,Partner,Delhi,Trilegal,,5.2,,27,2.6,,1,3.2,6.6,4.4,7.5,,7.6,7.9,0,9.8,5.9,,6.7,6,5,7.9,,10,8,10,10,8,8,10,10
IND07515,Arbitration,Photos/Ashim Sood.jpg,Ashim Sood,Principal,Delhi,Ashim Sood Law Offices,,5.2,,28,2.8,,1,6.6,0,9.2,7.7,,7.1,9.1,7.1,7.3,5.2,,6,6,4,-,,-,-,-,-,-,-,-,-
IND07574,Arbitration,Photos/Sooraj Sharma.png,Sooraj Sharma,,,Clavius Legal,,5.2,,29,1.7,,0,4.4,0,8.6,7.8,,6.1,8.6,5.5,8.7,6.8,,6.7,-,-,-,,-,-,-,-,-,-,-,-
IND00064,Arbitration,Photos/Chakrapani Mishra 2025 web.png,Chakrapani Misra,Partner,Mumbai,Khaitan & Co,,5.2,,30,4.4,,1,9.2,7.2,9.1,5.5,,5.7,4.2,0,8,6.2,,6,7,6,-,,-,-,-,-,-,-,-,-
IND00502,Capital Markets - Equity,Photos/prashant-Gupta.png,Prashant Gupta,National Practice Head  of Capital Markets,Delhi,Shardul Amarchand Mangaldas & Co,,9.3,Ranked 1st,1,9.7,Ranked 1st,10,9.8,8.9,9.5,9.2,Ranked 2nd,7.3,9.9,9.9,9.2,8.7,Ranked 1st,7.3,9,10,10,Ranked 1st,10,10,10,10,10,10,10,10
IND01732,Capital Markets - Equity,Photos/Manan-Lahoty.jpg,Manan Lahoty,Partner,Mumbai,Cyril Amarchand Mangaldas,,8.7,Ranked 2nd,2,9.2,Ranked 2nd,9,9.7,8.5,10,9,Top 10,7.9,9.8,7.9,9.5,7.2,,6,8,8,8.5,Top 10,10,10,10,10,10,10,10,10
IND03123,Capital Markets - Equity,Photos/Yash-Ashar - ECM.png,Yash J. Ashar,Partner & Head of Capital Markets,Mumbai,Cyril Amarchand Mangaldas,,8.5,Ranked 3rd,3,9.2,Ranked 3rd,9.3,10,8.2,8.8,8.8,Top 10,6.5,10,9.7,8.5,6.5,,7.3,8,5,9.7,Ranked 2nd,10,10,9.4,9.4,9.4,10,9.4,9.4
IND02634,Capital Markets - Equity,Photos/Sandip-Bhagat-GS-scaled.jpg,Sandip Bhagat,Partner,Mumbai,S&R Associates,,8.5,Top 5,4,8.5,Top 5,8.2,10,7.9,8,9,Top 10,6.3,10,10,9.2,7.3,,6.7,7,8,8.5,Top 10,10,10,10,10,10,10,10,10
IND00777,Capital Markets - Equity,Photos/Richa Choudhary.png,Richa Choudhary,Partner,Mumbai,Trilegal,,8.2,Top 5,5,6.6,,5,9,7,9.7,9.8,Ranked 1st,10,9.9,10,9.5,8.3,Ranked 3rd,8.7,6,9,8.8,Top 10,10,9,9,9,8,9,9,9
IND00494,Capital Markets - Equity,Photos/nikhil-naredi.png,Nikhil Naredi,Partner,Mumbai,Shardul Amarchand Mangaldas & Co,,8.1,Top 10,6,8.6,Top 5,9,8.6,7,8.7,8.3,,7.6,9,9.8,7.3,6.5,,6.7,7,6,-,,-,-,-,-,-,-,-,-
IND00715,Capital Markets - Equity,Photos/bhakta-patnaik-1.png,Bhakta Patnaik,Partner,Mumbai,Trilegal,,8,Top 10,7,7,Top 10,6.5,8.6,6.7,7.5,9.1,Ranked 3rd,8.8,8.6,10,9.2,7.7,Top 5,7.3,6,9,8.5,Top 10,10,10,10,10,10,10,10,10
IND00005,Capital Markets - Equity,Photos/Abhimanyu-Bhattacharya.png,Abhimanyu Bhattacharya,Partner,Mumbai,Khaitan & Co,,7.9,Top 10,8,8,Top 10,7.7,9.3,7,8.5,7.9,,6.1,8.5,6.5,8.5,7.5,Top 10,7.3,7,8,-,,-,-,-,-,-,-,-,-
IND03138,Capital Markets - Equity,Photos/Vijay-Parthasarathi.png,Vijay Parthasarathi,Partner  & Regional Co-Head of Markets,Bengaluru,Trilegal,,7.8,Top 10,9,7.7,Top 10,7.7,7.2,7.6,8.8,8.4,,8.3,8.7,8.2,8.2,6.9,,7.3,6,7,7.9,,10,10,10,10,10,8,8,8
IND00271,Capital Markets - Equity,Photos/abhinav-2.png,Abhinav Kumar,Partner,Mumbai,TT&A,,7.8,Top 10,10,7.2,Top 10,6.7,8.1,6.7,9.3,9.1,Top 5,8.4,9.6,9.6,8.8,6.1,,5.3,6,7,-,,-,-,-,-,-,-,-,-
IND01915,Capital Markets - Equity,Photos/Arka-Mookerjee-Profile-Picture.jpg,Arka Mookerjee,Partner,Mumbai,JSA Advocates & Solicitors,,7.4,,11,6.5,,4.5,9,8.5,9.3,9,Top 10,9.2,9,9.9,8.5,6.2,,4,7,8,7.9,,10,10,10,8,10,8,8,10
IND02635,Capital Markets - Equity,Photos/Jabarati-Chandra-GS.jpeg,Jabarati Chandra,Partner,Mumbai,S&R Associates,,7.4,,12,6,,4.5,8.1,7,8.5,8.7,,6.5,9.5,10,8.5,7.5,Top 10,7.3,7,8,-,,-,-,-,-,-,-,-,-
IND01774,Capital Markets - Equity,Photos/Vishal-Yaduvanshi.png,Vishal Yaduvanshi,Co-Head of Capital Markets Practice (North),Delhi,Cyril Amarchand Mangaldas,,7.4,,13,7.1,Top 10,6.7,7.6,6.7,8.4,8.6,,7.4,9.2,9.9,8.2,5.3,,6.7,5,4,7.9,,10,8,10,10,10,8,8,10
IND00016,Capital Markets - Equity,Photos/Aditya Cheriyan.png,Aditya George Cheriyan,Partner,Mumbai,Khaitan & Co,,7.1,,14,5.9,,6.2,2.9,7.6,8.3,7.5,,6.7,8.2,6.8,7.8,8.6,Ranked 2nd,8,7,10,7.8,,10,10,8,10,6,8,10,10
IND01975,Capital Markets - Equity,Photos/Madhurima-Mukherjee-profile-picture.jpg,Madhurima Mukherjee (Saha),Partner,Delhi,JSA Advocates & Solicitors,,7,,15,6.9,,5.9,8.7,7.2,9,7.7,,9.3,9.5,0,8.2,5.6,,4,6,-,-,,-,-,-,-,-,-,-,-
IND00601,Capital Markets - Equity,Photos/Varoon Chandra - ECM.jpg,Varoon Chandra,Senior Partner,Mumbai,AZB & Partners,,6.9,,16,4.9,,3.7,9.4,6.2,0,9.1,Top 5,10,9.6,7.6,8.8,6.6,,6,-,-,9.5,Ranked 3rd,10,10,10,10,10,10,10,10
IND00229,Capital Markets - Equity,Photos/Sudghir Bassi.png,Sudhir Bassi,Executive Director,Mumbai,Khaitan & Co,,6.9,,17,5.1,,5.9,5.3,0,8.2,8.4,,7.5,8.4,8.7,9,7.3,,7.3,8,7,8.5,,10,10,10,10,10,10,10,10
IND00579,Capital Markets - Equity,Photos/Lionel-D_Almeida_5789015_1.jpg,Lionel D'Almeida,Senior Partner,Mumbai,AZB & Partners,,6.8,,18,5,,2.7,7.9,6.7,9.1,8.7,,7.3,9.2,9.8,8.5,6.9,,6.7,7,7,-,,-,-,-,-,-,-,-,-
IND00090,Capital Markets - Equity,Photos/Gautham Srinivas web 2025.png,Gautham Srinivas,Partner,Delhi,Khaitan & Co,,6.7,,19,4.9,,3.7,4.7,6.8,8.4,8.5,,7.3,9.3,8.8,8.2,6.7,,-,-,-,8.5,,10,10,10,10,10,10,10,10
IND00323,Capital Markets - Equity,Photos/Gokul-Rajan-1.png,Gokul Rajan,Partner - Regional Head Markets Practice (North),Delhi,Cyril Amarchand Mangaldas,,6.6,,20,5.1,,2.7,8.2,7.6,7.7,8.3,,6.1,9.2,9.8,8,6.4,,6,6,7,9.5,Top 5,10,10,10,10,10,10,10,10
IND02649,Capital Markets - Equity,Photos/Jitesh-Shahani-GS.jpeg,Jitesh Shahani,Partner,Mumbai,S&R Associates,,6.3,,21,5.1,,3.7,6.2,6.4,8.1,7,,4.2,8.3,10,6,7.1,,7.3,5,8,-,,-,-,-,-,-,-,-,-
IND01752,Capital Markets - Equity,Photos/Ravi-Dubey.png,Ravi Dubey,Partner,Mumbai,Cyril Amarchand Mangaldas,,6.3,,22,4.9,,2.7,7.2,6.8,9.2,7.5,,7.6,9,7.8,5.8,6.5,,6.7,5,7,-,,-,-,-,-,-,-,-,-
IND00698,Capital Markets - Equity,Photos/Albin-Thomas-1.png,Albin Thomas,Partner,Mumbai,Trilegal,,5.9,,23,2.4,,0,2.9,6.2,9.5,8.8,Top 10,8.4,8.6,9.9,8.5,7.1,,8.7,6,6,-,,-,-,-,-,-,-,-,-
IND06252,Capital Markets - Equity,Photos/Aashima-Johur.png,Aashima Johur,Partner,,Cyril Amarchand Mangaldas,,5.7,,24,2.4,,0,2.9,6.7,8.4,8.1,,7.4,8.6,6.3,8.8,7.7,Top 10,7.3,8,8,8.5,,10,10,10,10,10,10,10,10
IND02650,Capital Markets - Equity,Photos/Juhi-Singh-GS-1.jpg,Juhi Singh,Partner,Delhi,S&R Associates,,5.7,,25,3.2,,0,6.6,6.9,8.6,7.5,,4.7,8.2,9.8,7.2,7.3,,7.3,6,8,8.5,,10,10,10,10,10,10,10,10
IND00371,Capital Markets - Equity,Photos/Reuben Chacko - ECM.jpg,Reuben Chacko,Partner  - Regional Co-head Markets Practice (South),Bengaluru,Cyril Amarchand Mangaldas,,5.7,,26,3,,5,1,0,0,7.6,,7.5,8.3,4.7,10,7.6,Top 10,8.7,-,-,-,,-,-,-,-,-,-,-,-
IND03708,Capital Markets - Equity,Photos/Abhinav Maver - ECM.png,Abhinav Maker,Partner,,Trilegal,,5.7,,27,2.3,,0,2.9,6,8.4,8.2,,7.8,8,8.9,8.2,7.4,,8,7,-,-,,-,-,-,-,-,-,-,-
IND01046,Capital Markets - Equity,Photos/Vishnu Dutt.jpg,Vishnu Dutt U,Partner,Mumbai,Bharucha & Partners,,5.7,,28,3,,0,5.3,7.3,8.7,7.8,,7.9,7.6,8.8,7.5,6.6,,6,5,8,9.5,Top 5,10,10,10,10,10,10,10,10
IND02647,Capital Markets - Equity,Photos/Pratichi-Mishra-GS.jpeg,Pratichi Mishra,Partner,Mumbai,S&R Associates,,5.6,,29,2.3,,0,4.7,4.4,7.5,7.9,,4.7,9.1,8.4,8.5,7.5,,7.3,7,8,7.6,,10,10,8,8,8,8,10,8
IND01705,Capital Markets - Equity,Photos/Abhiroop-Lahiri-.png,Abhiroop Lahiri,Partner,Delhi,Cyril Amarchand Mangaldas,,5.6,,30,2.9,,0,4.7,6.8,9.2,7.7,,6.9,8,9.4,7,6.7,,6.7,6,7,8.5,,10,10,10,10,10,10,10,10
IND00245,Capital Markets - Equity,Photos/Thomas George.png,Thomas George,Partner,Bengaluru,Khaitan & Co,,5.6,,31,2.7,,0,5.8,4.7,7.9,7.7,,6.1,7.9,9.7,7.5,7.1,,7.3,7,-,-,,-,-,-,-,-,-,-,-
IND02009,Capital Markets - Equity,Photos/Pracheta-Bhattacharya-profile-picture.jpg,Pracheta Bhattacharya,Partner,Mumbai,JSA Advocates & Solicitors,,5.6,,32,2.2,,0,4.7,3.3,7.7,8.5,,8.3,8.8,9.8,7.8,6.3,,5.3,-,-,7.2,,8,10,8,8,8,8,8,8
IND00552,Capital Markets - Equity,Photos/Veena-Final.png,Veena Sivaramakrishnan,Partner,Mumbai,Shardul Amarchand Mangaldas & Co,,5.6,,33,3,,0,5.3,6.8,8.7,7.6,,7.6,7.2,9.2,7.2,6.7,,6.7,8,6,-,,-,-,-,-,-,-,-,-
IND01744,Capital Markets - Equity,Photos/Priyadarshini-Rao.png,Priyadarshini Rao,Partner,Mumbai,Cyril Amarchand Mangaldas,,5.5,,34,2.7,,0,4.7,6,8.3,7.8,,5.5,8.5,10,7.5,6.7,,6.7,8,6,-,,-,-,-,-,-,-,-,-
IND00140,Capital Markets - Equity,Photos/Oishik Bagchi_0.png,Oishik Bagchi,Partner,Mumbai,Khaitan & Co,,5.4,,35,2,,0,0,7.2,8.8,7.9,,7.1,7.9,9.4,7.5,7.5,,7.3,7,8,9.4,Top 10,9.4,9.4,9.4,9.4,9.4,8.6,9.4,9.4
IND00716,Capital Markets - Equity,Photos/Brajendu-bhaskar.png,Brajendu Bhaskar,Partner,Mumbai,Trilegal,,5.4,,36,2.3,,0,2.9,6.5,7.4,7.8,,6.7,7.6,10,7.5,6.9,,7.3,6,-,-,,-,-,-,-,-,-,-,-
IND00406,Capital Markets - Equity,Photos/Abhiroop-Amitava-Datta- ECM.png,Abhiroop Datta,Partner,Delhi,Shardul Amarchand Mangaldas & Co,,5.3,,37,2.4,,0,2.9,7,8.1,7,,5.1,8.1,7.1,7,7.6,Top 10,8,6,8,-,,-,-,-,-,-,-,-,-
IND03141,Capital Markets - Equity,Photos/vinay-sirohia.png,Vinay Sirohia,Partner,Bengaluru,Trilegal,,5.1,,38,1.7,,0,0,6,8.1,7.6,,7.3,8,5.7,8.2,7.1,,6.7,6,8,8.5,,10,10,10,10,10,10,10,10
IND07590,Capital Markets - Equity,Photos/Prashaant Rajput.jpg,Prashant Rajput,Partner,,Economic Laws Practice,,4.9,,39,2.7,,0,4.7,6.5,8.1,6.1,,5.1,6.1,8.1,5.8,6.7,,-,-,-,7,,8,8,8,8,8,8,8,8
IND00004,Capital Markets - Equity,Photos/Ayush Mohata - ECM.png,Aayush Mohata,Partner,Mumbai,Khaitan & Co,,4.2,,40,2.4,,0,2.9,6.2,9,4,,6.7,0,4.7,6.5,8.3,Top 5,8.7,8,8,8.3,,10,10,10,10,10,8,10,10
IND00120,Capital Markets - Debt,Photos/Manisha Shroff.png,Manisha Shroff,Partner,Mumbai,Khaitan & Co,,8.8,Ranked 1st,1,9.3,Ranked 1st,10,8.2,7.9,9.6,9.2,Ranked 2nd,10,10,8.8,8.8,7.1,Top 5,7.3,-,-,9.4,Ranked 2nd,8.6,9.4,9.4,10,10,8.6,8.6,9.4
IND02109,Capital Markets - Debt,Photos/Uttara-M.-Kolhatkar-profile-picture-1024x369.jpg,Uttara M. Kolhatkar,Partner,Mumbai,JSA Advocates & Solicitors,,7.9,Ranked 2nd,2,8.5,Ranked 2nd,8.1,8.4,9.5,9.5,8.5,Top 5,6.5,9.7,10,8,5.3,Top 10,4.7,5,6,-,,-,-,-,-,-,-,-,-
IND00536,Capital Markets - Debt,Photos/shubhangi-garg.png,Shubhangi Garg,Partner,Delhi,Shardul Amarchand Mangaldas & Co,,7.5,Ranked 3rd,3,6.2,Top 5,5.5,5.5,7.5,9.4,8.5,Top 5,8.4,8.5,8.6,8.5,8.1,Ranked 2nd,8.7,7,8,-,,-,-,-,-,-,-,-,-
IND04763,Capital Markets - Debt,Photos/Pranav Sharma - CAM.jpg,Pranav Sharma,Partner,,Cyril Amarchand Mangaldas,,7,Top 5,4,6.2,Top 5,5.5,6,6.4,10,8.3,Top 10,7.7,7.3,9.8,8.2,6,Top 10,6,8,5,8.7,Ranked 3rd,9,10,10,10,8,10,7,7
IND02940,Capital Markets - Debt,Photos/Priyanka-Kumar-2.jpg,Priyanka Kumar,Partner,Mumbai,TT&A,,6.9,Top 5,5,6.6,Ranked 3rd,5.5,7.7,7.9,8.5,7.6,Top 10,9.6,0,10,9.2,5.9,Top 10,4.7,6,7,-,,-,-,-,-,-,-,-,-
IND02962,Capital Markets - Debt,Photos/Rahul-Gulati- DCM.jpg,Rahul Gulati,Partner,Mumbai,TT&A,,6.6,,6,4,Top 10,2.9,2.9,5.7,9.2,9.5,Ranked 1st,10,10,9.9,9,5.9,Top 10,4.7,6,7,8.5,Top 5,10,10,10,10,10,10,10,10
IND07528,Capital Markets - Debt,Photos/Niloufer Lam.webp,Niloufer Lam,Founding Partner,Mumbai,NL LEGAL,,5.9,,7,3.9,Top 10,0,10,6.7,9.2,8.7,Ranked 3rd,8.6,8.7,7.4,9.2,4.5,Top 10,2.7,5,6,-,,-,-,-,-,-,-,-,-
IND02534,Capital Markets - Debt,Photos/Aditya Bhargava.png,Aditya Bhargava,Partner,Mumbai,Trilegal,,5.5,,8,2.5,Top 10,0,4.9,10,0,7,Top 10,8.5,6.6,0,9.8,8.5,Ranked 1st,9.3,6,9,9.8,Ranked 1st,9.6,9.6,10,9.6,9.6,10,10,9.6
IND00398,Capital Markets - Debt,Photos/Subhalakshmi Naskar.jpg,Subhalakshmi Naskar,Partner,Mumbai,Cyril Amarchand Mangaldas,,5.3,,9,3,Top 10,0,4.7,7.5,9.2,6.2,Top 10,0,0,8.8,0,7.9,Ranked 3rd,7.3,7,9,8.3,Top 5,10,10,10,10,10,8,10,10
IND02750,Capital Markets - Debt,Photos/Satadru-Goswami.png,Satadru Goswami,Partner,Mumbai,Saraf and Partners,,4.7,,10,1.5,Top 10,0,0,3.9,9.6,6.5,Top 10,4.1,5.3,7.4,7.5,7.5,Top 5,7.3,7,8,-,,-,-,-,-,-,-,-,-
IND00759,Competition,Photos/Nisha-Kaur-Uberoi-profile-picture.jpg,Nisha Kaur Uberoi,Partner,Mumbai,JSA Advocates & Solicitors,,9,Ranked 1st,1,9.6,Ranked 1st,9.9,10,8,10,10,Ranked 1st,10,-,10,10,5.7,,3.3,6,8,8.1,,10,10,8,10,10,10,10,8
IND00454,Competition,Photos/harman-singh-sandhu.png,Harman Singh Sandhu,Partner,Delhi,Shardul Amarchand Mangaldas & Co,,9,Ranked 2nd,2,9.3,Ranked 2nd,10,9.9,7.9,7,9.1,Top 10,7.4,-,10,9.5,7.9,Top 10,-,-,10,7.6,,10,10,8,8,10,8,8,8
IND00301,Competition,Photos/avantika kakkar.jpg,Avaantika Kakkar,Partner (Head - Competition Law),Mumbai,Cyril Amarchand Mangaldas,,8.7,Ranked 3rd,3,9,Ranked 3rd,8.7,10,8.7,9.1,9.2,Top 5,8.9,-,9.9,9,7.2,,6,8,8,9.1,Top 10,10,10,10,9,10,10,8,9
IND01030,Competition,Photos/Samir Gandhi.png,Samir R Gandhi,Partner,Delhi,Axiom5,,8.6,Top 5,4,8.3,Top 5,8.5,9,6.4,8.3,9.1,Top 10,8.3,-,9.9,9,8.4,Ranked 3rd,8,8,9,9.8,Ranked 1st,10,10,10,10,10,10,7.6,10
IND01160,Competition,Photos/Karan Chandhiok.jpg,Karan Chandhiok,Partner & Head of Competition and Disputes,,Chandhiok & Mahajan,,8.5,Top 5,5,8.4,Top 5,8.3,9.7,6.9,8.6,9,Top 10,7.9,-,8.3,10,7.6,Top 10,8,8,7,9.5,Top 5,10,10,10,10,10,10,10,10
IND00590,Competition,Photos/Ram-Kumar-Poornachandran.png,Ram Kumar Poornachandran,Senior Partner,Delhi,AZB & Partners,,8.3,Top 10,6,7.9,Top 10,8,9.5,4.9,8,9,,8.5,-,9.1,9,7.7,Top 10,6.7,5,10,8.8,Top 10,9,9,9,9,9,9,9,9
IND00553,Competition,Photos/yaman-verma.png,Yaman Verma,Partner,Delhi,Shardul Amarchand Mangaldas & Co,,8,Top 10,7,6.7,,6.5,7.5,5.4,8,9.8,Ranked 2nd,10,-,10,9.5,7.1,,7.3,7,-,8.3,,10,10,8,10,10,10,10,10
IND00038,Competition,Photos/Anshuman Sakle 2025 web_0.png,Anshuman Sakle,Partner,Mumbai,Khaitan & Co,,7.9,Top 10,8,8.1,Top 10,6.9,9.2,10,9.3,8.3,,7.5,-,9.4,8,6.9,,6.7,7,7,8.5,Top 10,10,10,10,10,10,10,10,10
IND01031,Competition,Photos/rahul rai.png,Rahul Rai,Partner,Delhi,Axiom 5,,7.9,Top 10,9,6.9,Top 10,7.2,6.3,5.6,8.5,8.9,,8.4,-,9.9,8.5,7.6,,8,8,7,9.8,Ranked 2nd,10,10,9.6,9.6,9.6,9.6,9.6,9.6
IND00628,Competition,Photos/Bharat-Budholia-e1637655967207.png,Bharat Budholia,Partner,Mumbai,AZB & Partners,,7.9,Top 10,10,7.8,Top 10,7.2,9,7.4,8.7,8.8,,8.5,-,9.6,8.5,6.1,,9.6,5,6,7.9,,10,10,8,10,10,8,8,10
IND00490,Competition,Photos/naval-chopra.png,Naval Satarawala Chopra,Partner,Delhi,Shardul Amarchand Mangaldas & Co,,7.7,,11,6.9,,6.1,8.3,6.9,8.7,8.2,,7.4,-,8.3,8.5,8.3,Top 5,9.3,7,8,-,,-,-,-,-,-,-,-,-
IND00537,Competition,Photos/Shweta-Shroff.png,Shweta Shroff Chopra,Partner,Delhi,Shardul Amarchand Mangaldas & Co,,7.6,,12,6.7,,4.9,9.7,7.9,8.7,8,,6.6,-,9.8,7.5,8.7,Ranked 1st,8.7,8,9,7.9,,10,10,10,10,10,8,8,8
IND00118,Competition,Photos/Manas Kumar Chaudhuri.png,Manas Kumar Chaudhuri,Partner,Delhi,Khaitan & Co,,7.5,,13,5.9,,4.1,10,5.6,7.9,9.1,Top 10,8.3,-,9,9.5,7.7,Top 10,6.7,7,9,8.5,Top 10,10,10,10,10,10,10,10,10
IND00639,Competition,Photos/Hemangini-dadwal-3.jpg,Hemangini Dadwal,Partner,Delhi,AZB & Partners,,7.5,,14,6.7,,6.5,7.5,5.9,7.2,8.7,,8.7,-,9.6,8,6.9,,6.7,7,-,8.5,,10,10,10,10,10,10,10,10
IND00033,Competition,Photos/Anisha Chand.jpg,Anisha Chand,Partner,Mumbai,Khaitan & Co,,7.2,,15,6.8,,6.5,7.5,5.9,8.4,7.2,,8.2,-,7.4,6.5,8.1,Top 5,6.7,9,9,8.3,,10,10,10,8,10,10,10,10
IND01516,Competition,Photos/Ravisekhar Nair.jpg,Ravisekhar Nair,Partner,Bengaluru,Economic Laws Practice,,7.1,,16,6.1,,4.9,8.8,5.8,7.5,8.5,,6.4,-,9.5,9,6.5,,4.7,7,8,8.5,,10,10,10,10,10,10,10,10
IND00780,Competition,Photos/Rudresh-Singh.png,Rudresh Singh,Partner,Delhi,Trilegal,,7,,17,5.8,,4.9,6.8,5.6,8.7,8.6,,9,-,10,7.5,6.3,,5.3,5,8,-,,-,-,-,-,-,-,-,-
IND00428,Competition,Photos/Aparna Mehra.png,Aparna Mehra,Partner,Delhi,Trilegal,,7,,18,7.5,Top 10,7.2,7.8,7.5,8.3,6.8,,7.2,-,7.6,6,6.5,,-,6,-,-,,-,-,-,-,-,-,-,-
IND02110,Competition,Vabhav-Choukse_profile-picture.jpg,Vaibhav Choukse,Partner,Delhi,JSA Advocates & Solicitors,,7,,19,5.4,,3,9.2,7.1,8.9,9.3,Ranked 3rd,8.6,-,9.8,9.5,5.5,,4.7,6,6,9.8,Ranked 3rd,10,9.4,10,9.4,9.4,9.4,10,10
IND01161,Competition,Photos/Deeksha manchanda.jpg,Deeksha Manchanda,Partner - Competition and Data Privacy,,Chandhiok & Mahajan,,7,,20,4.9,,3,8.3,4.6,8.8,8.8,,6.7,-,9.5,9.5,7.5,,7.3,7,8,-,,-,-,-,-,-,-,-,-
IND00726,Competition,Photos/gautam-chawla-1.png,Gautam Chawla,Partner,Delhi,Trilegal,,6.9,,21,6.3,,6.1,5.8,6.5,7.9,7.5,,7.1,-,9.9,6,7.1,,7.3,7,7,-,,-,-,-,-,-,-,-,-
IND02948,Competition,Photos/Sonam Mathur.jpg,Sonam Mathur,Partner,Delhi,TT&A,,6.8,,22,6,,4.1,8.8,7.5,8.2,8.1,,6.2,-,9.8,8,5.9,,5.3,5,-,9.3,Top 5,10,10,9,10,10,9,10,10
IND00153,Competition,Photos/Pranjal Prateek_0.png,Pranjal Prateek,Partner,Delhi,Khaitan & Co,,6.7,,23,4.7,,3,7.5,5.2,8.2,8.1,,6.6,-,9.2,8,7.9,Top 10,8.7,6,8,8.5,,10,10,10,10,10,10,10,10
IND04713,Competition,Photos/Kirthi-Srinivas-Website-1.jpg,Kirthi Srinivas,Partner,,AZB & Partners,,6.7,,24,4.4,,3,5.1,6.5,8.2,9.1,Top 10,9.1,-,9.8,8.5,6.5,,6.7,7,6,8.5,,10,10,10,10,10,10,10,10
IND00314,Competition,Photos/Dhruv-Rajain.png,Dhruv Rajain,Partner,Delhi,Cyril Amarchand Mangaldas,,6.7,,25,5.4,,4.9,5.1,5.9,7.5,8,,7.8,-,9.6,7,6.7,,6.7,8,6,7.4,,10,8,8,10,8,8,8,8
IND00511,Competition,Photos/Rohan-Arora.png,Rohan Arora,Partner,Delhi,Shardul Amarchand Mangaldas & Co,,6.2,,26,4.7,,4.1,5.1,4.9,7.3,7.6,,7.4,-,9.5,6.5,6.5,,7.3,6,6,8.3,,10,10,8,10,10,10,10,10
IND00451,Competition,Photos/Gauri-Chhabra.png,Gauri Chhabra,Partner,Mumbai,Trilegal,,6.2,,27,3.7,,4.1,0,4.6,7.6,7.4,,5.8,-,9.5,7,8.5,Ranked 2nd,8.7,7,9,-,,-,-,-,-,-,-,-,-
IND07656,Competition,Photos/abir-roy-neww.png,Abir Roy,Co-founder & Partner,,Sarvada Legal,,6.1,,28,5.3,,4.1,7.5,4.2,9.2,6.5,,10,-,0,9,6.6,,6,7,7,-,,-,-,-,-,-,-,-,-
IND00966,Competition,Photos/Rahul Goel.jpg,Rahul Goel,Partner,,AnantLaw,,5.9,,29,2.7,,0,5.1,5.8,8.5,8.9,,6.4,-,6.6,10,6.5,,-,6,-,-,,-,-,-,-,-,-,-,-
IND01511,Competition,Photos/Parthsarathi Jha.jpg,Parthsarathi Jha,Partner,"Delhi
Noida",Economic Laws Practice,,5.9,,30,3.6,,3,5.8,0,8.6,8,,5.9,-,9.8,8,6.3,,5.3,7,7,7.9,,8,10,8,10,8,10,10,10
IND01150,Competition,Photos/Avinash Amarnath.jpg,Avinash Amarnath,Partner & Head of Competition and Disputes,,Chandhiok & Mahajan,,5.9,,31,2.5,,0,5.8,3.6,8.3,8.6,,7.4,-,8.3,9.5,7.1,,6.7,6,8,8.1,,10,10,10,10,10,8,8,10
IND00968,Competition,Photos/Anu Monga.jpg,Anu Monga,Partner,,AnantLaw,,5.7,,32,2.7,,0,5.1,5.9,7.7,8.9,,6.4,-,6.6,10,5.4,,4,7,6,9,Top 10,9,10,10,10,9,9,9,9
IND01943,Competition,Photos/Ela-Bali-profile-picture-1200x432.jpg,Ela Bali,Partner,Delhi,JSA Advocates & Solicitors,,5.6,,33,1.7,,0,6.8,0,7.6,9.3,Top 5,8.6,-,9.6,9.5,6.1,,5.3,6,7,-,,-,-,-,-,-,-,-,-
IND03139,Competition,Photos/Vijay-Pratap-Singh-Chauhan.png,Vijay Pratap Singh Chauhan,Partner,Delhi,Cyril Amarchand Mangaldas,,5.6,,34,2.7,,0,6.8,3.6,8.3,8.1,,7.6,-,9.3,7.5,6.4,,6,8,6,8.3,,10,10,10,10,10,10,8,10
IND02231,Competition,Photos/Neelambera Sandeepan.jpg,Neelambera Sandeepan,Partner,Delhi,Lakshmikumaran & Sridharan,,5.3,,35,2.6,,0,4.2,6,8.2,7.6,,5.8,-,9.1,7.5,6.3,,4.7,6,8,-,,-,-,-,-,-,-,-,-
IND02909,Competition,Photos/Gaurav-Desai.png,Gaurav Desai,Partner,Delhi,Touchstone Partners,,5.3,,36,2.2,,0,5.1,3.6,6.9,7.6,,6.9,-,7.7,7,6.7,,6.7,6,-,8.1,,10,10,8,10,10,8,10,10
IND02652,Competition,Photos/Simran-Dhir-GS.jpg,Simran Dhir,Head Of Competition Law Practice,Delhi,S&R Associates,,5.3,,37,3.1,,0,7.5,7.8,4.8,6.8,,5.3,-,9.2,6,6.5,,5.3,6,8,7.9,,10,10,8,10,8,8,10,10
IND01474,Competition,Photos/Mr-Abhay-Joshi.jpg,Abhay Joshi,Partner,"Delhi
Noida",Economic Laws Practice,,5.2,,38,2.8,,0,7.1,3.6,8.4,7.5,,4.8,-,8.2,8.5,5.5,,5.3,5,6,-,,-,-,-,-,-,-,-,-
IND01772,Competition,Photos/Unnati-Agrawal-Copy.png,Unnati Agrawal,Partner,Delhi,CMS INDUSLAW,,5.2,,39,2.8,,0,5.8,5.4,8,7.3,,2.8,-,9.3,8.5,5.9,,4.7,8,6,8.5,,10,10,10,10,10,10,10,10
IND02656,Competition,Photos/Akshat-Kulshrestha-GS.jpg,Akshat Kulshrestha,Partner,Delhi,S&R Associates,,5.1,,40,2.3,,0,5.8,2.6,7.5,7.2,,5.3,-,9.2,7,6.7,,6.7,8,6,-,,-,-,-,-,-,-,-,-
IND00757,Cyber,Nikhil-Narendran-Partner-Trilegal.png,Nikhil Narendran,Partner,Bengaluru,Trilegal,,9,Ranked 1st,1,9.8,Ranked 1st,10,9.6,9.7,9.7,9.3,Ranked 2nd,9.6,-,10,9,6.7,Top 10,-,7,-,8.5,Top 5,10,10,10,10,10,10,10,10
IND03226,Cyber,Mathew Chacko.jpg,Mathew Chacko,Founding Partner,,Spice Route Legal,,8,Ranked 2nd,2,8.1,Ranked 2nd,7.5,9.2,7.9,10,8.7,Top 5,7.5,-,10,8.5,6.3,,4.7,8,-,-,,-,-,-,-,-,-,-,-
IND00235,Cyber,Supratim Chakraborty.png,Supratim Chakraborty,Partner,Kolkata,Khaitan & Co,,7.7,Ranked 3rd,3,7,Top 5,6,6.6,9.3,9.4,8.8,Ranked 3rd,7.7,-,9.4,9,6.9,Top 10,6.7,7,7,7.9,Top 10,8,10,10,8,8,10,10,10
IND00734,Cyber,Jyotsna-Web-1-1-1.png,Jyotsna Jayaram,Partner,Bengaluru,Trilegal,,7.6,Top 5,4,6.9,Top 10,6,7.8,7.7,8.2,8.7,Top 5,9.5,-,10,8,7,Top 10,8,7,6,8.5,Top 10,10,10,10,10,10,10,10,10
IND00298,Cyber,Arun-S.-Prabhu-1.png,Arun Prabhu,Partner (Head - Technology & Telecommunications),Bengaluru,Cyril Amarchand Mangaldas,,7.2,Top 5,5,7.2,Top 5,6,7.5,10,8.5,7.5,,8,-,8.2,7,6.8,Top 10,8,10,4,-,,-,-,-,-,-,-,-,-
IND07527,Cyber,Photos/Nehaa-Chaudhari.webp,Nehaa Chaudhari,Partner,,Ikigai Law,,7.1,Top 10,6,6.3,Top 10,5,8.7,6.9,7.9,7.9,,6.2,-,9,7.5,6.8,Top 10,6,8,-,-,,-,-,-,-,-,-,-,-
IND02023,Cyber,Probir ROy Chowdhaury.jpg,Probir Roy Chowdhury,Partner,Bengaluru,JSA Advocates & Solicitors,,6.7,Top 10,7,5.4,Top 10,3.5,6.6,9,7.8,8.5,Top 10,9.2,-,9,8,5.7,,5.3,6,6,7.9,Top 10,10,8,8,10,10,8,10,10
IND07530,Cyber,Sreenidhi Srinivasan.jpg,Sreenidhi Srinivasan,Partner,,Ikigai Law,,6.6,Top 10,8,4.7,Top 10,3.5,6,5.2,7.7,8.1,Top 10,0,-,0,0,7.7,Ranked 3rd,7.3,8,8,-,,-,-,-,-,-,-,-,-
IND02052,Cyber,Sajai-Singh-Profile-Picture.jpg,Sajai Singh,Partner,Bengaluru,JSA Advocates & Solicitors,,6.5,Top 10,9,8.1,Ranked 3rd,6.8,10,8.7,10,5.6,,8.4,-,0,7,5.2,,4,4,7,-,,-,-,-,-,-,-,-,-
IND01749,Cyber,Ranjana Adhikari.jpg,Ranjana Adhikari,Partner,Mumbai,Shardul Amarchand Mangaldas & Co,,6.4,Top 10,10,3.3,,0,7.8,6.3,8.2,8.5,Top 10,6.8,-,8.3,9.5,8.3,Ranked 1st,6.7,10,9,9,Ranked 3rd,9,10,10,10,9,9,8,10
IND00732,Cyber,jaideep-reddy-4.png,Jaideep Reddy,Partner,Bengaluru,Trilegal,,6.2,,11,3.5,,0,7.1,8,8.7,8.3,Top 10,7,-,9.3,8.5,7.5,Top 5,7.3,9,-,8.5,Top 10,10,10,10,10,10,10,10,10
IND04874,Cyber,Akash Karmakar.jpg,Akash Karmakar,Partner,Delhi,Panag & Babu,,6.2,,12,3.2,,0,5.3,8.1,9.2,9.7,Ranked 1st,10,-,9.8,9.5,5,,6,5,4,9.3,Ranked 2nd,10,10,10,10,10,10,8,10
IND00095,Cyber,Harsh Walia 2023-web.png,Harsh Walia,Partner,Delhi,Khaitan & Co,,5.9,,13,3.9,Top 10,0,8.2,9.4,8.2,7.5,,7.4,-,8.5,7,6.7,,7.3,7,6,-,,-,-,-,-,-,-,-,-
IND01762,Cyber,Shreya Suri.jpg,Shreya Suri,Partner,Delhi,CMS INDUSLAW,,5.7,,14,3.1,,0,5.3,8.6,7.9,8.1,Top 10,8.1,-,9.5,7.5,6.2,,6,7,6,-,,-,-,-,-,-,-,-,-
IND00455,Cyber,Hemant Krishna.png,Hemant Krishna,Partner,Bengaluru,Shardul Amarchand Mangaldas & Co,,5.8,,15,3.1,,0,5.3,8,8.5,6.1,,5.9,-,8.7,5,8.2,Ranked 2nd,10,7,-,-,,-,-,-,-,-,-,-,-
IND05097,Cyber,Aadya-Misra.webp,Aadya Misra,Counsel,,Spice Route Legal,,5.3,,16,3.3,,0,6,8.5,8.3,7.1,,7.8,-,4.8,8,5.7,,3.3,6,8,9.8,Ranked 1st,10,9.6,10,9.6,10,9.6,9.6,9.6
IND00291,Cyber,Anirban Mohapatra.jpg,Anirban Mohapatra,Partner,Bengaluru,Cyril Amarchand Mangaldas,,5.3,,17,2,,0,6,0,7.9,7.6,,6.5,-,8.9,7.5,7.4,Top 5,8,7,7,9,Top 5,10,9,10,9,10,8,10,9
IND01738,Cyber,Namita Viswanathan.webp,Namita Viswanath,Partner,Bengaluru,CMS INDUSLAW,,5.1,,18,3.6,,0,8.7,7.1,8,5.9,,8,-,4.8,5.5,6.5,,7.3,8,5,-,,-,-,-,-,-,-,-,-
IND04894,Cyber,Rishi-Anand.jpg,Rishi Anand,Partner,Delhi,DSK Legal,,4,,19,3.3,,0,7.1,6.2,9.7,3.5,,4.1,-,0,5,6.1,,5.3,6,7,8.5,Top 10,10,10,10,10,10,10,10,10
IND07526,Cyber,Utham Chengappa.jpg,Utham Chengappa,Partner,,Mani Chengappa & Mathur,,3.1,,20,1.8,,0,5.3,0,7,4,,6.2,-,0,5.5,4.1,,3.3,4,5,-,,-,-,-,-,-,-,-,-
IND00755,Infrastructure,Photos/Neeraj-menon-1.png,Neeraj Menon,Partner,"Delhi
Gurugram
Mumbai",Trilegal,,8.7,Ranked 1st,1,9.8,Ranked 1st,9.7,10,10,9.2,8.3,Top 10,5.8,6.6,9.8,9.5,7.3,,7.3,8,7,7.8,,10,10,8,8,8,10,10,8
IND01897,Infrastructure,Photos/Amit-Kapur-profile-picture-1024x369.jpg,Amit Kapur,Joint Managing Partner,Delhi,JSA Advocates & Solicitors,,8.4,Ranked 2nd,2,9,Ranked 3rd,8.5,10,9.8,8.9,8.6,Top 5,6.4,7.9,8.5,10,6.8,,4,8,9,8.5,,10,10,10,10,10,10,10,10
IND00462,Infrastructure,Photos/Jatin Aneja.png,Jatin Aneja,"National Practice Head - Infrastructure, Energy and Project Finance",Delhi,Shardul Amarchand Mangaldas & Co,,7.8,Ranked 3rd,3,7.6,Top 10,6.5,10,8.8,7.4,8.6,Top 5,4.7,7.7,9.8,9.5,6.7,,7.3,7,6,-,,-,-,-,-,-,-,-,-
IND01697,Infrastructure,Photos/Hemant Sahai.jpg,Hemant Sahai,Founding Partner,Delhi,HSA Advocates,,7.7,Top 5,4,7.7,Top 5,6.5,10,8.8,8.2,7.9,,7.9,7.1,7,9.5,7.5,Top 10,6.7,8,8,9.9,Ranked 2nd,9.4,10,10,10,10,10,10,10
IND00754,Infrastructure,Photos/nayantara-nag.png,Nayantara Nag,Partner,Gurugram,Trilegal,,7.7,Top 5,5,7.7,Top 5,7.1,8.7,7.9,8.9,7.8,,4.4,6.5,8.9,9,7.6,Top 10,8,8,7,7,,8,8,8,8,10,6,8,8
IND00342,Infrastructure,Photos/L Viswanathan.webp,L Viswanathan,"Partner & Chair of Finance, Projects, and Insolvency",Mumbai,Cyril Amarchand Mangaldas,,7.5,Top 10,6,9.2,Ranked 2nd,9.5,8.2,10,8.8,6.1,,7.7,0,9.7,8,6.9,,6.7,7,7,10,Ranked 1st,10,10,10,10,10,10,10,10
IND00022,Infrastructure,Photos/Akhil Bhatnagar_0.png,Akhil Bhatnagar,Partner,Mumbai,Khaitan & Co,,7.2,Top 10,7,5.7,Top 10,5.7,3.2,6.7,8.9,8,,5.1,7.7,8.4,9,8.5,Ranked 1st,8.7,7,9,8.3,,8,8,9,8,8,8,9,9
IND02732,Infrastructure,Photos/Avirup-Nag-1.jpg,Avirup Nag,Partner,Delhi,Saraf and Partners,,7.1,Top 10,8,6.6,Top 10,5.7,8.5,6.9,7.6,7.9,,5.1,7.4,9.2,8,6.7,,7.3,7,6,9.5,Top 10,10,10,10,10,10,10,10,10
IND00568,Infrastructure,Photos/Anuj Tiwari.webp,Anuja Tiwari,Senior Partner,Delhi,AZB & Partners,,6.6,Top 10,9,5.7,Top 10,3.4,8.5,8.3,8.7,7.6,,5.3,5.4,9.8,8.5,6.3,,6.7,10,4,-,,-,-,-,-,-,-,-,-
IND00079,Infrastructure,Photos/Gahan Singh.png,Gahan Singh,Partner,Mumbai,Khaitan & Co,,6.2,Top 10,10,3.5,,3.4,3.2,7,0,8.2,Top 10,7.8,6.8,9.6,8.5,7.5,Top 10,7.3,9,7,9.7,Ranked 3rd,9.4,10,10,10,9.4,9.4,9.4,9.4
IND02740,Infrastructure,Photos/Mohit Saraf.png,Mohit Saraf,Founder & Managing Partner,"Bengaluru
Delhi
Hyderabad
Mumbai",Saraf and Partners,,6.2,,11,3.9,,0,8.2,8.3,10,7.6,,5.1,6.8,8.2,8.5,7.9,Ranked 2nd,9.3,-,-,9.6,Top 10,10,9.2,9.6,9.6,9.2,9.6,9.2,9.2
IND01264,Infrastructure,Photos/Anjan-Dasgupta.jpg,Anjan Dasgupta,Partner,Mumbai,DSK Legal,,5.9,,12,3.8,,0,9.2,7.2,9.1,8.1,,6.6,8.1,7.3,9.5,5.5,,5.3,7,5,9.4,Top 10,10,10,10,10,10,10,9,10
IND06176,Infrastructure,Photos/Manasvini Raj.webp,Manasvini Raj,Partner,,Cyril Amarchand Mangaldas,,5.7,,13,1.8,,0,0,6.2,8.2,8.7,Ranked 2nd,8.7,7.1,9.4,9.5,7.8,Top 5,8,7,8,8.5,,10,10,10,10,10,10,10,10
IND00070,Infrastructure,Photos/Dibyanshu.png,Dibyanshu Sinha,Partner,Delhi,Khaitan & Co,,5.7,,14,3.5,,0,8.7,6.9,7.2,6.9,,5.3,4.5,8.7,8,7.8,Top 10,8,7,8,-,,-,-,-,-,-,-,-,-
IND00398,Infrastructure,Photos/Subhalakshmi Naskar.jpg,Subhalakshmi Naskar,Partner,Mumbai,Cyril Amarchand Mangaldas,,5.7,,15,4.8,Top 10,4.7,3.2,5.9,6.9,5.5,,5.7,0,8,8.5,7.9,Ranked 3rd,7.3,7,9,8.3,,10,10,10,10,10,8,10,10
IND00381,Infrastructure,Photos/Sangita John.webp,Sangita John,Partner,Mumbai,Cyril Amarchand Mangaldas,,5.6,,16,1.8,,0,0,7.6,6.9,8.7,Ranked 3rd,7.9,8,10,8.5,7.1,,7.3,7,7,-,,-,-,-,-,-,-,-,-
IND00401,Infrastructure,Photos/Surya Sreenivasan.webp,Surya Sreenivasan,Partner,Mumbai,Cyril Amarchand Mangaldas,,5.6,,17,1.9,,0,0,7.7,7.9,8.4,Top 10,7.1,7.3,8.8,9.5,7.3,,7.3,8,-,-,,-,-,-,-,-,-,-,-
IND00364,Infrastructure,Ramanuj-Kumar-1.png,Ramanuj Kumar,Partner,Delhi,Cyril Amarchand Mangaldas,,5.5,,18,1.9,,0,0,8.1,7.3,9.5,Ranked 1st,7.9,10,9.9,9,4.9,,6.7,5,3,8.9,,5,10,10,10,10,10,9,10
IND02943,Infrastructure,Photos/akshay-tta.jpg,Akshay Malhotra,Partner,Delhi,TT&A,,5.5,,19,2.9,,0,5.3,6.3,8.5,7.7,,5.5,6,9.5,8.5,6.5,,5.3,8,7,9.3,Top 10,10,10,9,10,10,9,10,10
IND01472,Infrastructure,Photos/Aakanksha-Joshi-GS-3.jpg,Aakanksha Joshi,Partner,Mumbai,S&R Associates,,5.5,,20,4.1,,0,9.6,9,8.1,7.4,,4.7,7.2,8.4,7.5,4.6,,4,7,4,8.5,,10,10,10,10,10,10,10,10
IND01701,Infrastructure,Soumya-Kanti-De-Mallik-Partner.png,Soumya Malik,Partner,Delhi,HSA Advocates,,5.5,,21,3.1,,0,5.3,8.2,7.9,7.6,,7.4,7.3,6.1,9.5,6.1,,5.3,6,7,8.8,,9,9,9,9,9,9,9,9
IND07529,Infrastructure,Photos/Deepak-Sabharwal-683x1024.jpg,Deepak Sabharwal,Managing partner,Delhi,DSA Legal,,5.5,,22,1.9,,0,0,6.7,9.1,8.2,Top 10,7,7.6,9.3,8,7.1,,4.7,8,9,8.3,,10,10,10,10,10,10,8,10
IND00609,Infrastructure,Photos/Aditya-Periwal.jpg,Aditya Periwal,Partner,Mumbai,AZB & Partners,,5.4,,23,3.8,,3.4,0,7.6,8.3,6.3,,5.3,4.5,5.7,9,6.8,,6.7,-,-,-,,-,-,-,-,-,-,-,-
IND02631,Infrastructure,Photos/Gunita_Pahwa.jpg,Gunita Pahwa,Joint Managing Partner,,S&A Law Offices,,5.4,,24,2.1,,0,0,8.2,8.5,8.4,Top 10,7.1,6.7,9.8,9,6,,6,6,6,-,,-,-,-,-,-,-,-,-
IND02538,Infrastructure,Photos/1688470766_pallavi-bedi.jpg,Pallavi Bedi,Partner,Delhi,Phoenix Legal,,5.4,,25,3.7,,0,8.5,8.2,8.1,7.3,,5.8,6.6,7.3,8.5,4.7,,3.3,7,5,7.9,,10,10,10,8,10,10,8,8
IND00211,Infrastructure,Photos/Shivanshu Thaplyal.png,Shivanshu Thaplyal,Partner,Mumbai,Khaitan & Co,,5.3,,26,2.3,,0,3.2,5.9,8.3,7.3,,8,6.8,6.3,8.5,7.1,,7.3,7,7,9.5,Top 10,10,10,10,10,10,10,10,10
IND00652,Infrastructure,Photos/Mallika-Anand.png,Mallika Anand,Partner,Delhi,AZB & Partners,,5.2,,27,1.9,,0,0,7.7,7.6,7.5,,6,4.6,9.5,9,6.9,,6.7,7,-,7,,8,8,8,8,8,8,8,8
IND02647,Infrastructure,Photos/Pratichi-Mishra-GS.jpeg,Pratichi Mishra,Partner,Mumbai,S&R Associates,,5.1,,28,1.3,,0,0,4.2,7.2,7.6,,5.7,6.5,8.4,8.5,7.5,,7.3,7,8,7.6,,10,10,8,8,8,8,10,8
IND00988,Infrastructure,rajneet.jpg,Ranjit Prakash,Managing Partner,Delhi,Archeus Law,,4.9,,29,2,,0,0,8.3,7.2,7.9,,10,9.7,4.7,8.5,4.7,,2.7,6,6,9.7,Top 5,9.6,9.6,9.6,9.6,9.6,9.6,9.6,9.6
IND00699,Infrastructure,Photos/amar-narula-1.png,Amar Narula,Partner,Delhi,Trilegal,,4.8,,30,2.6,,0,3.2,7.6,8,5.9,,5.5,0,8.7,9,7.1,,7.3,7,-,-,,-,-,-,-,-,-,-,-
IND06293,Infrastructure,Photos/Gayatri-Shankar.png,Gayatri Shanker,Partner,,Cyril Amarchand Mangaldas,,4.7,,31,1.1,,0,0,4.5,4.7,7,,5.3,4.5,7.4,9.5,7.4,,8,7,7,-,,-,-,-,-,-,-,-,-
IND00779,Infrastructure,Photos/Riyaz-Bhagat.png,Riyaz Bhagat,Partner,Delhi,Trilegal,,4.7,,32,1.8,,0,0,7,7.7,5.9,,3.1,0,9.7,9,7.9,Top 5,8.7,8,-,-,,-,-,-,-,-,-,-,-
IND02710,Infrastructure,Photos/Sitara_Pillai-removebg-preview.avif,Sitara Pillai,Partner,Mumbai,Samvad Partners,,4.4,,33,1.5,,0,0,7.2,4.1,7.2,,5.7,5.7,9.8,6.5,4.8,,4,6,5,-,,-,-,-,-,-,-,-,-
IND02553,Infrastructure,Photos/Sameer Jain.png,Sameer Jain,Founder & Managing Partner,Delhi,PSL Advocates and Solicitors,,4.3,,34,2.1,,0,0,8.1,9,4.8,,6.2,0,5.5,8.5,7.8,Top 10,8,7,8,9.7,Top 5,10,9.6,9.6,9.6,8.6,10,9,10
IND01692,Infrastructure,Photos/Monali-Dutta.jpg,Monali Dutta,Partner,Delhi,HSA Advocates,,4.2,,35,1.9,,0,0,7.9,7.2,5.6,,6.7,7.9,1,7.5,6.1,,4.7,5,8,-,,-,-,-,-,-,-,-,-
IND01504,Infrastructure,Photos/Megha Agarwal-web.png,Megha Agarwal,Partner,Mumbai,Khaitan & Co,,4,,36,2.3,,0,1,8.4,8.3,4.3,,5.3,4.5,0,8,6.8,,6,8,-,9.3,,10,10,9,9,10,10,10,10
IND01522,International Trade,Photos/Sanjay-Notani.jpg,Sanjay Notani,Partner,Mumbai,Economic Laws Practice,,9.1,Ranked 1st,1,9.3,Ranked 1st,9,9.6,10,10,9.8,Ranked 2nd,10,-,10,9.6,7.2,Top 5,6,6,9,8.5,Ranked 3rd,10,10,10,10,10,10,10,10
IND02274,International Trade,Photos/v-lakshmikumaran-managing-partner-lakshmikumaran-sridharan-attorneys.jpg,V. Lakshmikumaran,Founder & Managing Partner,Delhi,Lakshmikumaran & Sridharan,,9,Ranked 2nd,2,8.5,Ranked 2nd,10,8.2,8.8,0,10,Ranked 1st,10,-,10,10,7.9,Ranked 2nd,-,-,10,8.5,Top 5,10,10,10,10,10,10,10,10
IND02203,International Trade,Photos/Devinder Bagia.jpg,Devinder Bagia,Partner,Delhi,Lakshmikumaran & Sridharan,,8,Ranked 3rd,3,7.5,Ranked 3rd,7.6,6.6,7.4,8.8,9.5,Ranked 3rd,9.5,-,10,9.3,5.9,,4.7,6,7,9.2,Ranked 1st,10,10,9,9,10,9,10,10
IND00723,International Trade,Photos/dhruv-gupta-.png,Dhruv Gupta,Partner,Delhi,Trilegal,,7.6,Top 5,4,6.4,Top 5,5.5,7.5,6.7,8.8,8.9,Top 10,9.5,-,8.9,8.7,7.5,Ranked 3rd,7.3,7,8,7.2,,10,6,8,8,10,6,8,10
IND01511,International Trade,Photos/Parthsarathi Jha.jpg,Parthsarathi Jha,Partner,"Delhi
Noida",Economic Laws Practice,,7.5,Top 5,5,7,Top 5,8.3,7.1,0,9.8,8.5,Top 10,6.7,-,9.6,8.8,6.3,Top 10,5.3,7,7,7.9,,8,10,8,10,8,10,10,10
IND07689,International Trade,Photos/Atul Sharma.png,Atul Sharma,Partner,Delhi,Sarvada Legal,,7.2,Top 10,6,-,,-,-,-,-,-,,-,-,-,-,-,,-,-,-,-,,-,-,-,-,-,-,-,-
IND07621,International Trade,Photos/Reena Khair.jpg,Reena Khair,,,Kochhar & Co,,6.4,Top 10,7,4.1,Top 10,0,9.2,9.1,9.4,8.5,,8.5,-,8.4,8.5,6.7,Top 5,-,7,-,-,,-,-,-,-,-,-,-,-
IND07657,International Trade,Photos/Seetharaman Sampath.png,Seetharaman Sampath,,,Sarvada Legal,,6.2,Top 10,8,4.1,Top 10,0,10,9.2,7.2,9.1,Top 5,8.2,-,9.4,9.3,4.7,,3.3,-,5,-,,-,-,-,-,-,-,-,-
IND07570,International Trade,Photos/Anuradha R V.jpg,Anuradha R V,,,Clarus Law Associates,,6.1,Top 10,9,3.4,Top 10,0,7.5,6.5,9.1,8.9,Top 10,8.9,-,9,8.8,6,Top 10,2.7,-,9,-,,-,-,-,-,-,-,-,-
IND02193,International Trade,Photos/Ankur Sharma.jpg,Ankur Sharma,Partner,Delhi,Lakshmikumaran & Sridharan,,6.2,Top 10,10,3.3,Top 10,0,7.1,6.5,8.8,9.2,Top 5,8.4,-,9.6,9.3,6,,4,6,8,6.8,,6,8,8,8,8,8,8,8
IND01267,International Trade,Photos/Ashish-Chandra.jpg,Ashish Chandra,Partner,Delhi,DSK Legal,,5.8,,11,3.2,Top 10,0,8.7,3.8,8.9,8.6,Top 10,8.8,-,8.5,8.6,5.2,,4,4,7,8.1,Top 10,10,10,10,10,8,10,8,10
IND00121,International Trade,Photos/Mayank Jain.png,Mayank Jain,Partner,Mumbai,Khaitan & Co,,5.3,,12,2.2,,0,0,9,8.2,7.8,,7.9,-,8.8,7.5,6.6,Top 10,6,7,-,8.5,Top 5,10,10,10,10,10,10,10,10
IND00968,International Trade,Photos/Anu Monga.jpg,Anu Monga,Partner,,AnantLaw,,5.3,,13,2.1,,0,0,8,8.7,8.6,Top 10,8.6,-,8.7,8.5,5.4,,4,7,6,9,Ranked 2nd,9,10,10,10,9,9,9,9
IND00059,International Trade,Photos/Ayush A Mehrotra.png,Ayush Mehrotra,Partner,Delhi,Khaitan & Co,,5.7,,14,1.9,,0,0,6,9.8,8.4,,7.6,-,8.6,8.6,8,Ranked 1st,8.7,-,8,8.3,Top 10,10,10,10,10,10,10,8,10
IND02646,International Trade,Photos/Ajinkya Gunjan Mishra.jpg,Ajinkya Gunjan Mishra,Partner,Delhi,S&R Associates,,5.3,,15,2.4,,0,0,9.4,10,7.6,,8.6,-,8.3,7,6.5,Top 10,6.7,7,6,8.5,Top 10,10,10,10,10,10,10,10,10
IND02989,International Trade,Photos/Rajat Agarwal.jpg,Rajat Agarwal,Partner,,VERTICES PARTNERS,,5.2,,16,1.3,,0,0,3.2,8.4,8.3,,7.8,-,8.4,8.5,6.6,Top 10,6,5,8,8.1,Top 10,10,8,10,10,10,10,8,10
IND00250,International Trade,Photos/Udayan-Choksi.png,Udayan Choksi,Partner,Mumbai,Veritas Legal,,4.5,,17,0.9,,0,0,0,9.4,7.5,,6.8,-,8,7.5,5.9,,5.3,7,6,8.1,Top 10,8,10,10,10,10,10,10,8
IND00569,Private Capital,Photos/Ashwath Rau.jpg,Ashwath Rau,Senior Partner,Mumbai,AZB & Partners,,8.7,Ranked 1st,1,10,Ranked 1st,10,8.4,4.2,-,10,Ranked 1st,7,10,8.5,-,8.7,,9,7,,9.9,Top 5,10,10,10,10,9.3,10,10,10
IND00508,Private Capital,Photos/Raghubir Menon.png,Raghubir Menon,"Partner & Regional Head of M&A, Private Equity, and General Corporate",Mumbai,Shardul Amarchand Mangaldas & Co.,,7.7,Ranked 2nd,2,9.1,Ranked 2nd,9.1,5.2,3.8,-,8.9,Ranked 2nd,3.4,5.9,9.94,-,8.2,,8,8,-,9.8,Top 10,10,9.6,10,9.6,9.6,10,9.2,10
IND00370,Private Capital,Photos/Reeba Chacko.png,Reeba Chacko,Partner & Head of Corporate,Bengaluru,Cyril Amarchand Mangaldas,,6.5,Ranked 3rd,3,8.1,Ranked 3rd,6.3,6,2.7,-,8,Top 5,2.8,4.1,9.62,-,8.2,,8,8,-,8.1,,10,10,10,10,8,8,10,10
IND00729,Private Capital,Photos/Harsh Maggon.png,Harsh Maggon,Partner,Mumbai,Trilegal,,5.8,Top 5,4,6.5,Top 10,3.4,0,5.6,-,8.3,Ranked 3rd,4,4,10,-,8.7,,9,7,-,9.4,,9.5,9.5,9,9.5,9,8.5,9,9.5
IND02118,Private Capital,Photos/Vikram Raghani.jpg,Vikram Raghani,Partner,Mumbai,J. Sagar Associates,,5.8,Top 5,5,7.2,Top 5,5,4.1,6.7,-,8,Top 5,3.8,5.3,6.75,-,8.1,,7,10,-,7,,10,10,10,10,10,6,0,8
IND00600,Private Capital,Photos/Vaidhyanandan Iyer.png,Vaidhyanadhan Iyer,Senior Partner,Mumbai,AZB & Partners,,5.7,Top 10,6,6.4,Top 10,3.1,0.8,5.6,-,7.3,Top 10,4.2,9.4,5.24,-,9.4,Top 10,10,7,-,9.4,,9.8,8.5,9.5,9.5,9.5,8.5,9.3,9.2
IND00580,Private Capital,Photos/Nandish Vyas.png,Nandish Vyas,Senior Partner,Mumbai,AZB & Partners,,5.6,Top 10,7,6.9,Top 5,4.4,3.4,5.8,-,7.2,Top 10,1.8,3.2,8.46,-,8.7,,9,7,-,9.8,Top 10,9.5,10,10,10,9.5,9.5,9.5,9.5
IND00092,Private Capital,Photos/Haigreve Khaitan.png,Haigreve Khaitan,Partner,Mumbai,Khaitan & Co,,5.2,Top 10,8,6.1,,1.6,5.5,7.1,-,6.8,,2.4,7,5.88,-,9.6,Ranked 2nd,10,8,-,10,Ranked 1st,10,10,10,10,10,10,10,10
IND00760,Private Capital,Photos/Nishant Parikh.png,Nishant Parikh,Partner,Mumbai,Trilegal,,4.7,Top 10,9,6.8,Top 10,3.1,6.3,5.6,-,6.6,,7,5,4.19,-,8.7,,9,7,-,-,,-,-,-,-,-,-,-,-
IND00391,Private Capital,Photos/Shishir Vattyaden.jpg,Shishir Jose Vayttaden,Partner,Mumbai,Khaitan & Co,,4.6,Top 10,10,5.9,,3.1,3.6,2.7,-,5.6,,2,4.4,4.08,-,9.6,Ranked 3rd,10,8,-,9.8,Top 10,10,9,10,10,9.5,9.3,9.8,9.8
IND02937,Private Capital,Photos/Sonali Mahapatra.jpg,Sonali Mahapatra,Partner,Mumbai,TT&A,,4.6,,11,6.2,,2.8,3.6,4.4,-,7,,3.4,4,7.11,-,5.9,,6,6,-,9.7,,9.5,9.5,9.5,9.5,9.5,9,10,10
IND00573,Private Capital,Photos/Darshika Kothari.jpg,Darshika Kothari,Senior Partner,Mumbai,AZB & Partners,,4.5,,12,5.4,,1.6,1.8,6.2,-,7.1,,2.8,5.3,6.92,-,8.7,,9,7,-,9.7,,9.3,10,10,10,10,8.7,9.3,10
IND00782,Private Capital,Photos/Sai Krishna Barathan.png,Sai Krishna Bharathan,Partner,Mumbai,Trilegal,,4.5,,13,5.4,,2.2,0,5.1,-,7.4,Top 10,6,4.3,6.8,-,8.7,,9,7,-,8.3,,10,10,8,10,10,10,10,10
IND00566,Private Capital,Photos/Anil Kasturi.png,Anil Kasturi,Senior Partner,Delhi,AZB & Partners,,4.5,,14,6.4,Top 10,1.3,8,2.7,-,4.7,,2,2.5,2.66,-,9.1,,9,8,-,9.5,,10,9.5,9.5,9.5,9.5,8.5,9,9.5
IND02976,Private Capital,Photos/Abhijit Joshi.png,Abhijit Joshi,Founding & Managing Partner,Mumbai,Veritas Legal,,4.4,,15,5.5,,0.9,3.7,8.3,-,7.3,Top 10,4,0,8.06,-,6.6,,7,5,-,9.9,Top 5,10,10,10,10,9.6,9.6,10,10
IND02949,Private Capital,Photos/Gautam Sahah.png,Gautam Saha,Joint Managing Partner,Delhi,TT&A,,4.4,,16,6.4,Top 10,2.5,6.5,5.9,-,6.3,,8,7.2,1.15,-,5.9,,6,6,-,9.6,,10,9,10,10,8.5,8,10,10
IND00736,Private Capital,Photos/Kannan Rahul.png,Kannan Rahul,Partner,Mumbai,Trilegal,,4.3,,17,5.6,,1.6,2.7,3.8,-,6.3,,2,3.2,6.32,-,8.7,,9,7,-,9.2,,10,9,10,10,10,9,10,9
IND00458,Private Capital,Photos/Iqbal Khan.png,Iqbal Khan,Partner,Mumbai,Cyril Amarchand Mangaldas,,4.3,,18,6.1,,2.5,3.8,8.6,-,5.7,,2,6.9,3.35,-,8.2,,8,8,-,9.2,,9,9,10,10,10,9,10,10
IND00369,Private Capital,Photos/Ravindra Bandhakavi.jpg,Ravindra Bandhakavi,Partner (Head-Private Equity),Delhi,Cyril Amarchand Mangaldas,,4.3,,19,6.2,,1.3,6.9,4.9,-,5.8,,4.4,3.8,3.89,-,7.5,,7,8,-,9.3,,10,10,10,9,10,10,10,9
IND00060,Private Capital,Photos/Bharat Anand.png,Bharat Anand,Partner,Delhi,Khaitan & Co,,4.2,,20,5.1,,1.3,0.6,7.7,-,6.1,,4.2,3,4.84,-,10,Ranked 1st,10,9,-,9.2,,9,9,8.5,8.5,8.5,9,9.5,10
IND00132,Private Capital,Photos/Nikhil Narayanan.jpg,Nikhil Narayanan,Partner,Delhi,Khaitan & Co,,4.2,,21,5.5,,1.9,0,0,-,5.3,,2.8,5.7,2.5,-,9.6,Top 5,10,8,-,9.6,,10,9.6,9.2,9.2,9.2,9.6,10,9.2
IND00106,Private Capital,Photos/Kartick Maheshwari.png,Kartick Maheshwari,Partner,Mumbai,Khaitan & Co,,4.2,,22,-,,1.9,1.5,4.4,-,-,,3.2,5.4,4.38,-,-,,9,8,-,-,,-,-,-,-,-,-,-,-
IND00463,Private Capital,Photos/Jay Gandhi.png,Jay Gandhi,Partner,Mumbai,Shardul Amarchand Mangaldas & Co.,,4.2,,23,5.5,,0.9,3.6,4.4,-,6.6,,2.6,5.3,4.91,-,8.2,,8,8,-,8.5,,10,10,10,10,10,10,10,10
IND00594,Private Capital,Photos/Roxanne Anderson.png,Roxanne Anderson,Senior Partner,Mumbai,AZB & Partners,,4.1,,24,5.4,,1.9,0.8,3.8,-,6.3,,0.2,1.6,6.68,-,8.7,,9,7,-,8.5,,10,10,10,10,10,10,10,10
IND00356,Private Capital,Photos/Nivedita Rao.png,Nivedita Rao,Partner (Deputy Head – Corporate),Bengaluru,Cyril Amarchand Mangaldas,,4.1,,25,5.2,,1.9,0.8,3.8,-,6.4,,1.4,3.2,6.68,-,8.2,,8,8,-,9.8,,10,9.3,10,10,10,9.3,10,9.3
IND00596,Private Capital,Photos/Srinath Dasari.jpg,Srinath Dasari,Senior Partner,Bengaluru,AZB & Partners,,4.1,,26,5.8,,1.3,4.8,3.8,-,5.2,,2.6,2.1,2.78,-,8.7,,9,7,-,9,,9,9,10,10,9,10,9,9
IND00164,Private Capital,Photos/Rabindra Jhunjhunwala.png,Rabindra Jhunjhunwala,Partner,Mumbai,Khaitan & Co,,4.1,,27,3,,0,0.6,0,-,6.2,,2.8,3.8,5.32,-,9.6,Top 5,10,8,-,9.9,Top 10,9.6,10,9.8,9.8,10,9.8,9.8,9.8
IND00724,Private Capital,Photos/Ganesh Rao.png,Ganesh Rao,Partner,Mumbai,Trilegal,,4,,28,5.2,,0.6,0,3.4,-,7.9,Top 10,6,4.3,8.16,-,8.7,,9,7,-,-,,0,0,0,0,0,0,0,0
IND00218,Private Capital,Photos/Siddharth Shah.png,Siddarth Shah,Partner,Mumbai,Khaitan & Co,,4,,29,6,,1.3,5.5,9.8,-,6.2,,3.4,5.4,4.46,-,8.9,,9,8,-,-,,0,0,0,0,0,0,0,0
IND00701,Private Capital,Photos/Amit Khansaheb.png,Amit Khansaheb,Partner,Gurugram,Trilegal,,4,,30,6.2,,1.6,6,4.2,-,6,,6,4.3,2.4,-,8.7,,9,7,-,-,,0,0,0,0,0,0,0,0
IND00477,Private Capital,Photos/Manish Gupta.png,Manish Gupta,Partner,Gurugram,Shardul Amarchand Mangaldas & Co.,,4,,31,5.2,,0.3,3.6,5.8,-,6.4,,10,3.5,3.13,-,8.2,,8,8,-,8.8,,10,10,9,9,9,7,10,9
IND00130,Private Capital,Photos/Nidhi Killawala.png,Nidhi Killawala,Partner,Delhi,Khaitan & Co,,4,,32,4.3,,0.6,0.8,5.3,-,6.5,,3.4,3,6.22,-,9.6,Top 10,10,8,-,8.8,,9,10,9,9,9,9,9,9
IND00074,Private Capital,Photos/Divaspati Singh.png,Divaspathi Singh,Partner,Mumbai,Khaitan & Co,,3.9,,33,4.2,,0.9,0,0,-,6.1,,6.8,4.4,3.41,-,9.6,Top 10,10,8,-,8.5,,10,10,10,10,10,10,10,10
IND02476,Private Capital,Photos/Nishchal Joshipura.png,Nishchal Joshipura,Leader,Mumbai,Nishith Desai Associates,,3.7,,34,5.2,,0.3,3.2,7.8,-,6,,2,4.4,4.87,-,8.2,,8,8,-,8.5,,10,10,10,10,10,10,10,10
IND04763,Private Capital,Photos/Pranav Sharma.png,Pranav Sharma,Partner,,Cyril Amarchand Mangaldas,,3.6,,35,5.5,,1.3,2.7,4.4,-,5,,2.6,2.1,3.16,-,8.2,,8,8,-,8.7,,10,9,10,10,8,7,10,7
IND00813,Private Capital,Photos/Yogesh Singh.png,Yogesh Singh,Partner,Gurugram,Trilegal,,3.6,,36,3.6,,0.3,0.6,0,-,5.7,,4,4.3,3.53,-,8.7,,9,7,-,9.9,Top 10,10,10,10,10,9.6,9.6,10,10
IND01232,Private Capital,Photos/Gunjan Shah.png,Gunjan Shah,Associate Partner,Mumbai,Shardul Amarchand Mangaldas & Co.,,3.5,,37,-,,1.3,2.8,5.3,-,-,,2.6,5.3,4.94,-,-,,8,8,-,-,,-,-,-,-,-,-,-,-
IND00765,Private Capital,Photos/Pranav Atit.png,Pranav Atit,Partner,Mumbai,Trilegal,,3.5,,38,4.8,,0.3,2.1,4.4,-,4.9,,2.2,3.2,2.62,-,9.4,,10,7,-,9,,9,10,10,9,10,8,9,10
IND01707,Private Capital,Photos/Winnie Shekhar.jpg,Winnie Sherkhar,Partner,Bengaluru,IndusLaw,,3.5,,39,5.1,,0,3.6,0,-,5.8,,10,2.1,2.21,-,6.5,,6,7,-,10,Ranked 2nd,10,10,10,9.5,10,10,10,10
IND00582,Private Capital,Photos/Nanditha Gopal.jpg,Nanditha Gopal,Senior Partner,Bengaluru,AZB & Partners,,3.5,,40,5,,0.3,2.4,4.4,-,5.6,,2.4,1.6,5.07,-,8,,8,7,-,8.8,,9,9,9,10,10,9,8,8
IND03027,Private Capital,Photos/Siddhart Srivastava.png,Siddhart Srivastava,Partner,,Khaitan & Co,,3.5,,41,4,,0,1.8,0,-,5.3,,2.2,2.5,3.98,-,9.6,Top 10,10,8,-,8.5,,10,10,10,10,10,10,10,10
IND01737,Private Capital,Photos/Minhaz Lokhandwala.jpg,Minhaz Lokhandwala,Partner,Mumbai,IndusLaw,,3.5,,42,3.9,,0.3,1,5.6,-,6.6,,8.4,2.5,4.74,-,6.5,,7,7,-,9.6,,9.3,9.3,10,10,9.3,9.3,9.3,9.3
IND00261,Private Capital,Photos/Vivek Mimani.png,Vivek Mamani,Partner,Mumbai,Khaitan & Co,,3.4,,43,4.2,,0,2.1,3.4,-,4.7,,5,3,1.13,-,9.6,Top 10,10,8,-,9.3,,10,10,10,9,10,10,10,9
IND00696,Private Capital,Photos/Aditya Jha.png,Aditya Jha,Partner,Mumbai,Trilegal,,3.3,,44,5.3,,0.9,2.8,3.8,-,5.7,,6,4.3,2.69,-,8.7,,9,7,-,-,,0,0,0,0,0,0,0,0
IND01585,Private Capital,Photos/Shuva Mandal.jpg,Shuva Mandal,Chairman and Managing Partner,,Anagram Partners,,3.3,,45,-,,1.6,2.7,6.2,-,-,,1,3,2.29,-,-,,8,4,-,-,,-,-,-,-,-,-,-,-
IND02506,Private Capital,Photos/Sharda Balaji.jpg,Sharda Balaji,Founder,,NovoJuris,,3.3,,46,4.5,,0,2.4,8.2,-,5.6,,0,0,6.68,-,6.8,,7,5,-,10,Ranked 3rd,10,10,10,10,10,10,10,10
IND00066,Private Capital,Photos/Deepak Jodhani.png,Deepak Jodhani,Partner,Mumbai,Khaitan & Co,,3.2,,47,4.3,,0.6,0.8,4.9,-,4.9,,2.2,3.2,2.73,-,8.9,,9,8,-,7.8,,8,10,10,8,10,8,10,8
IND00398,Private Capital,Photos/Subhalakshmi Naskar.jpg,Subhalakshmi Naskar,Partner,Mumbai,Cyril Amarchand Mangaldas,,3.1,,48,4.2,,0.9,0,3.4,-,6.4,,1.4,1.6,7.27,-,8.2,,8,8,-,-,,0,0,0,0,0,0,0,0
IND02081,Private Capital,Photos/Siddharth Mody.jpg,Siddharth Mody,Partner,Mumbai,J. Sagar Associates,,2.9,,49,4.8,,0.9,0.6,7.1,-,6.4,,7.6,2.1,3.72,-,6.5,,6,7,-,-,,0,0,0,0,0,0,0,0
IND00378,Private Capital,Photos/images.jpeg,S. Harish,Partner,Bengaluru,Cyril Amarchand Mangaldas,,2.8,,50,5.2,,0.9,2.1,5.8,-,4.8,,2.8,4.3,1.73,-,8.2,,8,8,-,-,,0,0,0,0,0,0,0,0
